[
    {
        "model": "fillow.genre",
        "pk": 12,
        "fields": {
            "name": "모험"
        }
    },
    {
        "model": "fillow.genre",
        "pk": 14,
        "fields": {
            "name": "판타지"
        }
    },
    {
        "model": "fillow.genre",
        "pk": 16,
        "fields": {
            "name": "애니메이션"
        }
    },
    {
        "model": "fillow.genre",
        "pk": 18,
        "fields": {
            "name": "드라마"
        }
    },
    {
        "model": "fillow.genre",
        "pk": 27,
        "fields": {
            "name": "공포"
        }
    },
    {
        "model": "fillow.genre",
        "pk": 28,
        "fields": {
            "name": "액션"
        }
    },
    {
        "model": "fillow.genre",
        "pk": 35,
        "fields": {
            "name": "코미디"
        }
    },
    {
        "model": "fillow.genre",
        "pk": 36,
        "fields": {
            "name": "역사"
        }
    },
    {
        "model": "fillow.genre",
        "pk": 37,
        "fields": {
            "name": "서부"
        }
    },
    {
        "model": "fillow.genre",
        "pk": 53,
        "fields": {
            "name": "스릴러"
        }
    },
    {
        "model": "fillow.genre",
        "pk": 80,
        "fields": {
            "name": "범죄"
        }
    },
    {
        "model": "fillow.genre",
        "pk": 99,
        "fields": {
            "name": "다큐멘터리"
        }
    },
    {
        "model": "fillow.genre",
        "pk": 878,
        "fields": {
            "name": "SF"
        }
    },
    {
        "model": "fillow.genre",
        "pk": 9648,
        "fields": {
            "name": "미스터리"
        }
    },
    {
        "model": "fillow.genre",
        "pk": 10402,
        "fields": {
            "name": "음악"
        }
    },
    {
        "model": "fillow.genre",
        "pk": 10749,
        "fields": {
            "name": "로맨스"
        }
    },
    {
        "model": "fillow.genre",
        "pk": 10751,
        "fields": {
            "name": "가족"
        }
    },
    {
        "model": "fillow.genre",
        "pk": 10752,
        "fields": {
            "name": "전쟁"
        }
    },
    {
        "model": "fillow.genre",
        "pk": 10770,
        "fields": {
            "name": "TV 영화"
        }
    },
    {
        "model": "fillow.movie",
        "pk": 11,
        "fields": {
            "title": "스타워즈 에피소드 4: 새로운 희망",
            "release_date": "1977-05-25",
            "popularity": 76.26,
            "vote_count": 18634,
            "vote_avg": 8.208,
            "overview": "공화국이 붕괴하고 제국이 수립된 뒤 20년, 제다이 기사단은 전멸하고 강력한 제국군의 횡포에 은하계는 공포에 휩싸여 있다. 그러던 중 공화국 재건을 노리는 반란군이 제국군의 비밀병기 데스스타 설계도를 훔쳐 달아나고 제국군은 이를 쫓는다. 하지만 결국 제국의 손에 붙잡히게 된 그들은 드로이드 R2-D2에 설계도를 넣어서 R2의 친구 C-3PO와 탈출시키는 데 성공하고, 두 드로이드 콤비는 타투인의 시골 마을에서 숙부와 함께 살고 있던 청년 루크 스카이워커에게 오게 되는데...",
            "poster_path": "/7XFfURIFCJxN1mfBg0SAjk5yGzg.jpg",
            "adult": false,
            "backdrop_path": "/zqkmTXzjkAgXmEWLRsY4UpTWCeo.jpg",
            "original_language": "en",
            "original_title": "Star Wars",
            "revenue": 775398007,
            "runtime": 121,
            "tagline": "아주 오래 전 멀고 먼 은하계에서...",
            "genres": [
                12,
                28,
                878
            ]
        }
    },
    {
        "model": "fillow.movie",
        "pk": 13,
        "fields": {
            "title": "포레스트 검프",
            "release_date": "1994-06-23",
            "popularity": 49.01,
            "vote_count": 24664,
            "vote_avg": 8.48,
            "overview": "불편한 다리, 남들보다 조금 떨어지는 지능을 가진 포레스트 검프는 헌신적인 어머니의 보살핌과 첫사랑 제니와의 만남으로 편견과 괴롭힘 속에서도 따뜻한 마음을 지니고 성장한다. 또래들의 괴롭힘을 피해 도망치던 포레스트는 누구보다 빠르게 달릴 수 있는 자신의 재능을 깨닫는다. 그의 재능을 알아 본 대학에서 그를 미식축구 선수로 발탁하고, 졸업 후에도 뛰어난 신체능력으로 군에 들어가 무공훈장을 수여받는 등 탄탄한 인생 가도에 오르게 된 포레스트. 하지만 어머니가 병에 걸려 죽음을 맞이하고, 첫사랑 제니 역시 그의 곁을 떠나가며 다시 한 번 인생의 전환점을 맞이하게 되는데...",
            "poster_path": "/xdJxoq0dtkchOkUz5UVKuxn7a2V.jpg",
            "adult": false,
            "backdrop_path": "/3h1JZGDhZ8nzxdgvkxha0qBqi05.jpg",
            "original_language": "en",
            "original_title": "Forrest Gump",
            "revenue": 677387716,
            "runtime": 142,
            "tagline": "인생은 초콜릿 상자와 같은 거야. 네가 무엇을 고를지 아무도 모른단다",
            "genres": [
                18,
                35,
                10749
            ]
        }
    },
    {
        "model": "fillow.movie",
        "pk": 22,
        "fields": {
            "title": "캐리비안의 해적: 블랙펄의 저주",
            "release_date": "2003-07-09",
            "popularity": 79.056,
            "vote_count": 18755,
            "vote_avg": 7.8,
            "overview": "잭 스패로우는 10년 전의 반란 사건으로 자신의 배 블랙펄을 빼앗긴 해적 선장이다. 혼자 대양을 떠돌던 그는 자메이카의 로열포트에 이르러 유령선처럼 변해버린 블랙펄과 재회하게 된다. 아즈텍의 황금을 훔친 블랙펄의 선원들은 영원히 죽지 못하는 저주에 걸린 처지. 보물을 모두 제자리에 돌려놓고 피의 제물을 바쳐야만 고대 신들이 내린 저주를 풀 수 있다. 그들은 로열포트를 습격해 아즈텍의 마지막 목걸이를 가진 총독의 딸 엘리자베스를 납치하고, 엘리자베스를 사랑하는 어린 시절 친구 윌과 스패로우는 그 뒤를 쫓는데...",
            "poster_path": "/3ovejwQO4fKOWx4VgGBJeT8CKCn.jpg",
            "adult": false,
            "backdrop_path": "/uRNgkJSkNBFbbn9fPsEjDIy8Sh3.jpg",
            "original_language": "en",
            "original_title": "Pirates of the Caribbean: The Curse of the Black Pearl",
            "revenue": 655011224,
            "runtime": 143,
            "tagline": "저주받은 황금이 해적들에게 저주를 내렸다",
            "genres": [
                12,
                14,
                28
            ]
        }
    },
    {
        "model": "fillow.movie",
        "pk": 89,
        "fields": {
            "title": "인디아나 존스: 최후의 성전",
            "release_date": "1989-05-24",
            "popularity": 46.64,
            "vote_count": 8863,
            "vote_avg": 7.839,
            "overview": "자신이 재직 중인 바네트 대학으로 돌아온 인디는 몇 달만을 비워뒀던 대학 연구실에서 오래 전에 도착한 아버지의 일기장을 발견한다.  고고학에 관심 많은 학생들을 피해 겨우 창문으로 빠져나온 존슨 박사는 윌터 도노반이라는 사람을 만난다. 도노반은 자신이 앙카라 북쪽에서 발견한 반쪽짜리 신의 석판의 탁본을 보여주며 헨리 박사의 일기장을 참고로 나머지 반쪽 석판과 예수가 최후의 만찬 때 사용했다는 술잔 성배를 찾아 달라고 부탁한다. 인디아나 존스는 아버지 헨리 존스 박사가 나치에게 납치 되었다는 소식을 듣고 베니스로 달려가는데...",
            "poster_path": "/nbNr6vea9nkedkozeR3ZzoQm12A.jpg",
            "adult": false,
            "backdrop_path": "/12fvZHskx57kQfNEUXJ3v0flWYQ.jpg",
            "original_language": "en",
            "original_title": "Indiana Jones and the Last Crusade",
            "revenue": 474171806,
            "runtime": 127,
            "tagline": "시간이 흘러도 바래지 않을 재미",
            "genres": [
                12,
                28
            ]
        }
    },
    {
        "model": "fillow.movie",
        "pk": 98,
        "fields": {
            "title": "글래디에이터",
            "release_date": "2000-05-04",
            "popularity": 47.281,
            "vote_count": 16464,
            "vote_avg": 8.206,
            "overview": "죽을 날이 머지않은 황제 마르쿠스 아우렐리우스는 막시무스를 총애하여 아들이 아닌 그에게 권력을 넘겨주기로 한다. 황제의 아들 코모두스는 이에 질투와 분노를 느껴 황제를 살해한다. 왕좌를 이어받은 코모두스는 막시무스와 그의 가족을 죽이라고 명령한다. 가족을 모두 잃고 겨우 살아남은 막시무스는 노예로 전락하고, 투기장의 검투사가 된다. 그에게 남은 건 오직 황제 코모두스에 대한 복수 뿐. 검투사로서 매 경기마다 승리로 이끌면서 살아남자 그의 명성은 날로 높아 간다. 그러던 어느 날 오래 전 사랑했던 황제의 누이 루실라를 다시 만나게 되는데...",
            "poster_path": "/yemF0xxGU56Pf3JXxVr4C6kuKng.jpg",
            "adult": false,
            "backdrop_path": "/3ZVEtQxVPpEp5LNpAULDcxadTU3.jpg",
            "original_language": "en",
            "original_title": "Gladiator",
            "revenue": 465361176,
            "runtime": 154,
            "tagline": "느낄수 있는가, 이 거대한 스펙터클의 전율을",
            "genres": [
                12,
                18,
                28
            ]
        }
    },
    {
        "model": "fillow.movie",
        "pk": 129,
        "fields": {
            "title": "센과 치히로의 행방불명",
            "release_date": "2001-07-20",
            "popularity": 69.737,
            "vote_count": 14302,
            "vote_avg": 8.543,
            "overview": "평범한 열 살 짜리 소녀 치히로 식구는 이사 가던 중 길을 잘못 들어 낡은 터널을 지나가게 된다. 터널 저편엔 폐허가 된 놀이공원이 있었고 그곳엔 이상한 기운이 흘렀다. 인기척 하나 없는 이 마을의 낯선 분위기에 불길한 기운을 느낀 치히로는 부모님에게 돌아가자고 조르지만 부모님은 호기심에 들떠 마을 곳곳을 돌아다니기 시작한다. 어느 음식점에 도착한 치히로의 부모님은 그 곳에 차려진 음식들을 보고 즐거워하며 허겁지겁 먹어대다가 돼지로 변해버린다. 겁에 질려 당황하는 치히로에게 낯선 소년 하쿠가 나타나 빨리 이곳을 나가라고 소리치는데...",
            "poster_path": "/u1L4qxIu5sC2P082uMHYt7Ifvnj.jpg",
            "adult": false,
            "backdrop_path": "/Ab8mkHmkYADjU7wQiOkia9BzGvS.jpg",
            "original_language": "ja",
            "original_title": "千と千尋の神隠し",
            "revenue": 274925095,
            "runtime": 124,
            "tagline": "금지된 세계의 문이 열렸다",
            "genres": [
                14,
                16,
                10751
            ]
        }
    },
    {
        "model": "fillow.movie",
        "pk": 238,
        "fields": {
            "title": "대부",
            "release_date": "1972-03-14",
            "popularity": 144.071,
            "vote_count": 17944,
            "vote_avg": 8.711,
            "overview": "시실리에서 이민온 뒤, 정치권까지 영향력을 미치는 거물로 자리잡은 돈 꼴레오네는 갖가지 고민을 호소하는 사람들의 문제를 해결해주며 대부라 불리운다. 한편 솔로소라는 인물은 꼴레오네가와 라이벌인 탓타리아 패밀리와 손잡고 새로운 마약 사업을 제안한다. 돈 꼴레오네가 마약 사업에 참여하지 않기로 하자, 돈 꼴레오네를 저격해 그는 중상을 입고 사경을 헤매게 된다. 그 뒤, 돈 꼴레오네의 아들 소니는 조직력을 총 동원해 다른 패밀리들과 피를 부르는 전쟁을 시작하는데... 가족의 사업과 상관없이 대학에 진학한 뒤 인텔리로 지내왔던 막내 아들 마이클은 아버지가 총격을 당한 뒤, 아버지를 구하기 위해 위험천만한 협상 자리에 나선다.",
            "poster_path": "/cOwVs8eYA4G9ZQs7hIRSoiZr46Q.jpg",
            "adult": false,
            "backdrop_path": "/tmU7GeKVybMWFButWEGl2M4GeiP.jpg",
            "original_language": "en",
            "original_title": "The Godfather",
            "revenue": 245066411,
            "runtime": 175,
            "tagline": "영화사상 최고의 걸작",
            "genres": [
                18,
                80
            ]
        }
    },
    {
        "model": "fillow.movie",
        "pk": 278,
        "fields": {
            "title": "쇼생크 탈출",
            "release_date": "1994-09-23",
            "popularity": 76.625,
            "vote_count": 23783,
            "vote_avg": 8.702,
            "overview": "촉망받는 은행 간부 앤디 듀프레인은 아내와 그녀의 정부를 살해했다는 누명을 쓴다. 주변의 증언과 살해 현장의 그럴듯한 증거들로 그는 종신형을 선고받고 악질범들만 수용한다는 지옥같은 교도소 쇼생크로 향한다. 인간 말종 쓰레기들만 모인 그곳에서 그는 이루 말할 수 없는 억압과 짐승보다 못한 취급을 당한다. 그러던 어느 날, 간수의 세금을 면제받게 해 준 덕분에 그는 일약 교도소의 비공식 회계사로 일하게 된다. 그 와중에 교도소 소장은 죄수들을 이리저리 부리면서 검은 돈을 긁어 모으고 앤디는 이 돈을 세탁하여 불려주면서 그의 돈을 관리하는데...",
            "poster_path": "/oAt6OtpwYCdJI76AVtVKW1eorYx.jpg",
            "adult": false,
            "backdrop_path": "/kXfqcdQKsToO0OUXHcrrNCHDBzO.jpg",
            "original_language": "en",
            "original_title": "The Shawshank Redemption",
            "revenue": 28341469,
            "runtime": 142,
            "tagline": "두려움은 너를 죄수로 가두고 희망은 너를 자유롭게 하리라",
            "genres": [
                18,
                80
            ]
        }
    },
    {
        "model": "fillow.movie",
        "pk": 380,
        "fields": {
            "title": "레인 맨",
            "release_date": "1988-12-11",
            "popularity": 19.899,
            "vote_count": 5618,
            "vote_avg": 7.763,
            "overview": "찰리(톰 크루즈)는 아버지와의 불화로 가출해 살아가는 거친 성격의 자동차 중개상. 그런데 아버지가 엄청난 재산을 형에게 물려주고 사망했다는 사실을 알고 충격을 받게 된다. 빚에 시달리던 찰리는 자신의 몫을 찾기 위해 '레인 맨'이라 부르던 형 레이먼드(더스틴 호프만)를 수소문하여 결국에는 정신병원에서 만난다. 그러나 형 레이먼드는 자폐증 환자, 하지만 찰리는 형의 유산을 탐내 기꺼이 그의 보호자가 되고, 세상 밖으로 데리고 나와 여행을 떠나는데...",
            "poster_path": "/2OCkLBdtnXiiHl5hzdyTuJx5zed.jpg",
            "adult": false,
            "backdrop_path": "/mrfbeWcjgSaZ9NEb0xJMR9xzSeB.jpg",
            "original_language": "en",
            "original_title": "Rain Man",
            "revenue": 354825435,
            "runtime": 134,
            "tagline": "",
            "genres": [
                18
            ]
        }
    },
    {
        "model": "fillow.movie",
        "pk": 429,
        "fields": {
            "title": "석양의 무법자",
            "release_date": "1966-12-23",
            "popularity": 39.337,
            "vote_count": 7396,
            "vote_avg": 8.483,
            "overview": "미국의 남북전쟁이 한창인 때, 블론디는 멕시코인 총잡이 투코와 함께 동업 중이다. 블론디는 현상범 투코를 잡아 현상금을 받고, 투코가 교수형을 당하는 순간 구해주는 역할. 한편 세텐자라 불리우는 범죄자는 엄청나 돈이 묻힌 비밀장소를 추적 중이다. 그런데, 투코와 실랑이를 벌이던 블론디는 돈이 묻힌 장소를 죽어가는 사람에게 듣게 되고, 결국 둘은 돈을 찾아 나서는데...",
            "poster_path": "/s7qPuoj4liolAtmx9vcL6AyaZzR.jpg",
            "adult": false,
            "backdrop_path": "/eoCSp75lxatmIa6aGqfnzwtbttd.jpg",
            "original_language": "it",
            "original_title": "Il buono, il brutto, il cattivo",
            "revenue": 25253888,
            "runtime": 161,
            "tagline": "",
            "genres": [
                37
            ]
        }
    },
    {
        "model": "fillow.movie",
        "pk": 607,
        "fields": {
            "title": "맨 인 블랙",
            "release_date": "1997-07-02",
            "popularity": 65.884,
            "vote_count": 12490,
            "vote_avg": 7.179,
            "overview": "뉴욕 경찰 에드워드(윌 스미스)는 용의자를 추적 중 그가 건물을 기어오르고 허공을 떠오르는 등의 장면을 목격한다. 용의자는 지구가 멸망할 것이라 주장하며 투신 자살을 하고 에드워드는 검은 양복을 입은 MIB요원 캐이(토미 리 존스)를 만난다. 캐이는 에드워드의 탁월한 능력을 알아차리고 그를 비밀 요원으로 발탁한다.  MIB는 지구인의 모습으로 살고 있는 외계인들을 감시하고 외계인의 정체를 보호하며 혹시라도 일반인이 그들이 외계인임을 알아차리면 기억 말소 장치를 이용해 외계인들을 보호한다. 그러나 사악한 바퀴벌레 외계인 에드가가 지구에 침투해 오면서 이민외계인들은 불안해 하는 등 동요하기 시작한다.  이 때 지구를 방문한 외교 사절이 암살당하는 사건이 발생해 은하계가 전면전에 돌입하자 지구는 멸망의 위기에 처한다. 지구를 지키고 우주의 평화를 지키기 위해 에드워드와 케이는 에드가와의 결전을 준비하는데...",
            "poster_path": "/nWQNnOvrJJVrjLKKmmxieiivAWS.jpg",
            "adult": false,
            "backdrop_path": "/wM1aNIXSqB8GSeQY38LOUHYMYIw.jpg",
            "original_language": "en",
            "original_title": "Men in Black",
            "revenue": 589390539,
            "runtime": 98,
            "tagline": "CIA보다 비밀스럽고, FBI보다 파워풀하다!!",
            "genres": [
                12,
                28,
                35,
                878
            ]
        }
    },
    {
        "model": "fillow.movie",
        "pk": 671,
        "fields": {
            "title": "해리 포터와 마법사의 돌",
            "release_date": "2001-11-16",
            "popularity": 127.996,
            "vote_count": 24760,
            "vote_avg": 7.915,
            "overview": "해리 포터는 위압적인 버논 숙부와 냉담한 이모 페투니아, 욕심 많고 버릇없는 사촌 더즐리 밑에서 갖은 구박을 견디며 계단 밑 벽장에서 생활한다. 이모네 식구들 역시 해리와의 동거가 불편하기는 마찬가지. 이모 페투니아에겐 해리가 이상한 언니 부부에 관한 기억을 떠올리게 만드는 달갑지 않은 존재다. 11살 생일이 며칠 앞으로 다가왔지만 한번도 생일파티를 치르거나 제대로 된 생일선물을 받아 본 적이 없는 해리로서는 특별히 신날 것도 기대 할 것도 없다. 11살 생일을 며칠 앞둔 어느 날 해리에게 초록색 잉크로 쓰여진 한 통의 편지가 배달된다. 그 편지의 내용은 다름 아닌 해리의 11살 생일을 맞이하여 호그와트에서 보낸 입학 초대장이었다. 그리고 해리의 생일을 축하하러 온 거인 해그리드는 해리가 모르고 있었던 해리의 진정한 정체를 알려주는데...",
            "poster_path": "/unEtC8uWn2lcQLnwKG9PZJX0h0c.jpg",
            "adult": false,
            "backdrop_path": "/hziiv14OpD73u9gAak4XDDfBKa2.jpg",
            "original_language": "en",
            "original_title": "Harry Potter and the Philosopher's Stone",
            "revenue": 976475550,
            "runtime": 152,
            "tagline": "마법이 시작된다",
            "genres": [
                12,
                14
            ]
        }
    },
    {
        "model": "fillow.movie",
        "pk": 771,
        "fields": {
            "title": "나 홀로 집에",
            "release_date": "1990-11-16",
            "popularity": 1.718,
            "vote_count": 9860,
            "vote_avg": 7.403,
            "overview": "크리스마스 시즌의 시카고. 말썽꾸러기 케빈은 자기의 치즈 피자를 먹은 형과 싸워 소동을 일으키자 엄마는 케빈을 3층 다락방으로 올려보낸다. 케빈의 가족들과 케빈의 집에 온 손님들은 다음 날에 크리스마스 연휴를 이용해 프랑스의 친척 집으로 떠날 계획이었다. 그날 밤, 바람이 세차게 불어 전화선과 전기선이 끊긴다. 케빈의 가족들은 늦잠을 자게 되어 비행기 시간을 맞추기 위해 허둥대다가 그만 3층 다락방에서 잠이 든 케빈을 두고 떠난다. 잠에서 깬 케빈은 혼자 남은 것을 알고 하느님이 자신의 소원을 들어주었다고 기뻐한다. 비행기를 타고 가던 케빈의 어머니는 무엇인가 빠뜨린 기분에 고민하다가 케빈을 두고 왔음에 놀란다. 하지만 전화선이 불통이라, 어쩔 수 없다가 프랑스에 도착한 식구들은 목적지로 가고 엄마는 케빈이 걱정이 되어 집으로 돌아갈 비행기표를 사기 위해 안간힘을 쓰지만 연말연휴라 좌석이 없었다. 혼자 집에 남은 케빈은 형과 누나 방을 구경하면서 즐거워한다. 그리고 노래를 부르고 트리도 만들면서 자축한다. 그런데 빈집털이 2인조 도둑이 케빈의 집을 호시탐탐 노리고 있다는 것을 알게 되는데...",
            "poster_path": "/oOrGMMvpe51VmlC5nwEOt211kjy.jpg",
            "adult": false,
            "backdrop_path": "/vaVaNrscmsG8CUKYxiwZGFNqGJo.jpg",
            "original_language": "en",
            "original_title": "Home Alone",
            "revenue": 476684675,
            "runtime": 105,
            "tagline": "이제 혼자 남은 꼬마 캐빈의 기발한 집지키기 전쟁이 시작된다!",
            "genres": [
                35,
                10751
            ]
        }
    },
    {
        "model": "fillow.movie",
        "pk": 857,
        "fields": {
            "title": "라이언 일병 구하기",
            "release_date": "1998-07-24",
            "popularity": 52.932,
            "vote_count": 14209,
            "vote_avg": 8.209,
            "overview": "1944년 6월 6일 노르망디 상륙 작전. 오마하 해변에 대기하고 있던 병사들은 한치 앞도 내다볼 수 없는 긴장된 상황에 두려움을 감출 수 없다. 노르망디 해변을 응시하는 밀러 대위와 가장 어려운 임무를 수행해야할 두려움에 지친 그의 대원들. 몇 번의 죽을 고비를 넘기고 맡은 바 임무를 완수하지만 3형제가 전사하고 적진에서 실종된 유일한 생존자인 막내 라이언 일병을 위한 미 행정부의 특별한 임무를 맡게 된다.단 한명의 목숨을 구하기 위해 여덟 명이 위험을 감수해야할 상황에서 대원들은 과연 라이언 일병 한 명의 생명이 그들 여덟 명의 생명보다 더 가치가 있는 것인지 끊임없는 혼란에 빠지는데...",
            "poster_path": "/2ATMbU4EljWkWcEJT9TElbQOMYY.jpg",
            "adult": false,
            "backdrop_path": "/bdD39MpSVhKjxarTxLSfX6baoMP.jpg",
            "original_language": "en",
            "original_title": "Saving Private Ryan",
            "revenue": 481840909,
            "runtime": 169,
            "tagline": "임무는 단 한 사람",
            "genres": [
                18,
                36,
                10752
            ]
        }
    },
    {
        "model": "fillow.movie",
        "pk": 916,
        "fields": {
            "title": "블리트",
            "release_date": "1968-10-17",
            "popularity": 13.833,
            "vote_count": 928,
            "vote_avg": 7.152,
            "overview": "시민들로부터 신망을 얻고 있는 샌프란시스코 경찰서 경위 프랭크 블리트(Detective Lieut. Frank Bullitt: 스티브 맥퀸 분)는 어느날 시카고에서 온 존 로스(Johnny Ross: 팻 레넬라 분)란 자를 48시간동안 보호하는 임무를 맡는다. 존 로스는 통신사를 운영하며 모은 정보로 범죄 조직을 협박한 자로 상원 의원인 찰머즈(Walter Chalmers: 로버트 본 분)가 범죄 소탕을 위해 그를 증인석에 세우는 대신 신변 보호를 보장한 것. 그러나 보호도중 범죄 조직원의 급습으로 존 로스는 중상을 입고 끝내는 병원에서 숨지게 된다. 살인범을 잡으려는 블리트 경위는 사건이 종결되지 못하도록 존 로스의 시체를 빼돌리며 수사를 계속하는데, 마침내 경찰을 신뢰하지 못한 존 로스가 자신과 닮은 앨버트 레닉이란 자를 대신 내세워 자신의 신변을 보호하려했음이 밝혀진다.",
            "poster_path": "/uDg7tHvK8aFcG6DkN5eHiZAurOU.jpg",
            "adult": false,
            "backdrop_path": "/wu0Ad30NciUbR5c5Q1AglHZbRWJ.jpg",
            "original_language": "en",
            "original_title": "Bullitt",
            "revenue": 42300873,
            "runtime": 113,
            "tagline": "",
            "genres": [
                18,
                28,
                53,
                80
            ]
        }
    },
    {
        "model": "fillow.movie",
        "pk": 947,
        "fields": {
            "title": "아라비아의 로렌스",
            "release_date": "1962-12-11",
            "popularity": 27.953,
            "vote_count": 2571,
            "vote_avg": 7.977,
            "overview": "영국 정보국 소속 장교 로렌스 는 1차대전 중 중동지역의 전투에서 아랍 부족의 지원을 받기 위해 아랍 지역으로 파견된다. 그런데 그는 영국 정부가 바라던 것 이상으로 아랍의 지도자들을 사로 잡고 아랍의 독립을 위해 열심히 싸워 아랍 민족으로 부터 ‘아라비아의 로렌스’라는 영웅적인 칭호를 받게 된다. 그는 아랍 전사들을 이끌고 터키군들과 싸우면서 규율을 잡기 위해 남의 마을의 우물물을 마신 병사를 과감히 처형하는 등 독한 모습을 보여준다. 그러나 그의 그런 용맹성은 터키 군에게 포로로 잡힌 후 그곳에서 받은 성적 학대를 통해 병적으로 발전된다. 그리고 마침내 영국 정부의 소환을 받고 런던으로 돌아오지만 중동으로 보내 줄 것을 요구하면서 사막으로 돌아가길 원한다. 그러나 이미 정치적으로 타결이 된 아라비아 사막은 그를 원치 않았는데.",
            "poster_path": "/p2PG2nXE4e6piHdAcDLhDlCA30E.jpg",
            "adult": false,
            "backdrop_path": "/mx2jS5Kaa5rmaldEFzKeKpDN9Q2.jpg",
            "original_language": "en",
            "original_title": "Lawrence of Arabia",
            "revenue": 69995385,
            "runtime": 216,
            "tagline": "",
            "genres": [
                12,
                18,
                36,
                10752
            ]
        }
    },
    {
        "model": "fillow.movie",
        "pk": 1593,
        "fields": {
            "title": "박물관이 살아있다!",
            "release_date": "2006-12-20",
            "popularity": 29.754,
            "vote_count": 9289,
            "vote_avg": 6.57,
            "overview": "야간 경비원 근무 첫날 밤, 박물관이 살아 움직이기 시작했다?!  엉뚱한 사업 아이템으로 하는 일 마다 늘 실패만 하는 래리 델리(벤 스틸러 분). 그를 더 이상 견뎌내지 못한 부인이 곁을 떠나자 래리는 하나 밖에 없는 아들에게만큼은 떳떳한 아버지가 되기 위해 직장을 찾아 나선다. 별 볼일 없는 그에게 온 유일한 기회는, 모든 사람들이 기피하는 자연사 박물관 야간 경비원. “아무것도 내보내지 말라”는 선배 경비원의 기이한 충고를 들은 근무 첫 날 밤, 래리는 박물관의 전시물들이 살아 움직이는 놀라운 광경을 목격한다.  밤마다 살아나는 박물관! 과연 여기에는 무슨 비밀이 있는 것일까??  박물관 전시품들은 매일 밤 제멋대로 움직이며 래리를 괴롭힌다. 마야인들, 로마의 글래디에이터들, 카우보이들이 살아나 그들끼리의 전쟁을 벌이기 시작하고, 네안데르탈인은 자신의 디스플레이 케이스를 불태우고, 가장 포악한 공룡 티라노사우루스는 래리를 못 잡아 먹어 안달이다. 이런 대혼란 속에서 래리가 상담할 상대는 왁스 모형인 루즈벨트 대통령(로빈 윌리엄스 분)뿐. 아들을 위해 어떤 역경 속에서도 박물관을 무사히 보호해야만 하는 래리는 첫 날 선배들에게 들었던 충고가 잊혀지지 않는다.  과연 이 박물관에는 무슨 비밀이 있는 것일까?",
            "poster_path": "/nmXzlGkOYIWouNhRyxU3NapPhDw.jpg",
            "adult": false,
            "backdrop_path": "/rwcPe582tfTSVLwQzbO25InW3Hi.jpg",
            "original_language": "en",
            "original_title": "Night at the Museum",
            "revenue": 574480841,
            "runtime": 108,
            "tagline": "모두가 잠든 순간, 환상의 세계가 깨어난다!",
            "genres": [
                12,
                14,
                28,
                35,
                10751
            ]
        }
    },
    {
        "model": "fillow.movie",
        "pk": 1858,
        "fields": {
            "title": "트랜스포머",
            "release_date": "2007-06-27",
            "popularity": 32.015,
            "vote_count": 10105,
            "vote_avg": 6.765,
            "overview": "인류보다 월등히 뛰어난 지능과 파워를 지닌 외계 생명체 트랜스포머. 정의를 수호하는 오토봇 군단과 악을 대변하는 디셉티콘 군단으로 나뉘는 트랜스포머는 궁극의 에너지원인 큐브를 차지하기 위해 오랜 전쟁을 벌여왔다. 하지만 행성 폭발로 우주 어딘가로 사라져버린 큐브. 그들은 오랜 전쟁의 종지부를 찍기 위해 큐브를 찾아 전 우주를 떠돈다.",
            "poster_path": "/1Z4banoiWSexFBHCOjziHGFIIGN.jpg",
            "adult": false,
            "backdrop_path": "/77P56ZcL8M9Cw7FIptMIGjhNJoj.jpg",
            "original_language": "en",
            "original_title": "Transformers",
            "revenue": 709709780,
            "runtime": 143,
            "tagline": "모든 것은 변신한다!",
            "genres": [
                12,
                28,
                878
            ]
        }
    },
    {
        "model": "fillow.movie",
        "pk": 1995,
        "fields": {
            "title": "툼 레이더",
            "release_date": "2001-06-11",
            "popularity": 24.0,
            "vote_count": 5574,
            "vote_avg": 5.871,
            "overview": "고고학자였던 아버지가 실종된 몇 년 후, 라라 크로프트는 아버지가 숨겨놓은 유물 중에 시간과 우주를 여는 열쇠가 있음을 알게 된다. 그리고 이를 이용해 우주를 정복하려는 비밀 조직에 대항하기 위해 라라는 그들보다 먼저 미스터리를 풀고 우주를 구해야만 하는데.",
            "poster_path": "/4dAtl9dWskt1JgukIlS0rB2tJUw.jpg",
            "adult": false,
            "backdrop_path": "/ic50CVnRJY3yE9M8xzwlS7ikPga.jpg",
            "original_language": "en",
            "original_title": "Lara Croft: Tomb Raider",
            "revenue": 274703340,
            "runtime": 100,
            "tagline": "",
            "genres": [
                12,
                14,
                28,
                53
            ]
        }
    },
    {
        "model": "fillow.movie",
        "pk": 2454,
        "fields": {
            "title": "나니아 연대기: 캐스피언 왕자",
            "release_date": "2008-05-15",
            "popularity": 34.315,
            "vote_count": 5761,
            "vote_avg": 6.611,
            "overview": "현실의 세계로 돌아온 지 1년 후, 페번시 남매들은 마법의 힘에 의해 다시 나니아의 세계로 들어간다. 그러나 그곳은 이미 폐허로 변해 있었다. 나니아 시간으로 벌써 1,300년이란 세월이 흘렀던 것. 그 동안 나니아는 황금기의 종말을 고하고, 텔마린 족에게 점령되어 무자비한 미라즈 왕의 통치를 받고 있었다. 페번시 남매들을 나니아로 불러낸 건 텔마린 족의 진정한 왕위 계승자인 캐스피언 왕자였다. 삼촌 미라즈에게 왕위를 뺏긴 그는 나니아인들이 숨어 사는 숲 속으로 피신, 페번시 남매와 만난다. 캐스피언 왕자는 삼촌을 물리치고 왕위를 찾게 도와주면 나니아인들의 터전을 돌려 주겠다는 약속을 하는데...",
            "poster_path": "/o89tirJIiukLxHH20jxZ2ycSneH.jpg",
            "adult": false,
            "backdrop_path": "/9pBv1BOSloAUgAkF0meJWdnbV4Q.jpg",
            "original_language": "en",
            "original_title": "The Chronicles of Narnia: Prince Caspian",
            "revenue": 419665568,
            "runtime": 150,
            "tagline": "나니아 세계로의 귀환, 사상 최고의 환상과 모험이 시작된다",
            "genres": [
                12,
                14,
                10751
            ]
        }
    },
    {
        "model": "fillow.movie",
        "pk": 10138,
        "fields": {
            "title": "아이언맨 2",
            "release_date": "2010-04-28",
            "popularity": 76.548,
            "vote_count": 19273,
            "vote_avg": 6.834,
            "overview": "세계 최강의 무기업체를 이끄는 CEO이자, 타고난 매력으로 화려한 삶을 살아가던 토니 스타크. 기자회견을 통해 자신이 아이언맨이라고 정체를 밝힌 이후, 정부로부터 아이언맨 수트를 국가에 귀속시키라는 압박을 받지만 이를 거부한다. 스타크 인더스트리의 운영권까지 수석 비서였던 페퍼 포츠에게 일임하고 히어로로서의 인기를 만끽하며 지내던 토니 스타크. 하지만 그 시각, 아이언맨의 수트 기술을 스타크 가문에 빼앗긴 후 쓸쓸히 돌아가신 아버지의 복수를 다짐해 온 위플래시는 수트의 원천 기술 개발에 성공, 치명적인 무기를 들고 직접 토니 스타크를 찾아 나선다.",
            "poster_path": "/7rUFYRfYV6c4yXiKBvKWOCRjimc.jpg",
            "adult": false,
            "backdrop_path": "/7lmBufEG7P7Y1HClYK3gCxYrkgS.jpg",
            "original_language": "en",
            "original_title": "Iron Man 2",
            "revenue": 623933331,
            "runtime": 125,
            "tagline": "업그레이드는 끝나지 않았다!",
            "genres": [
                12,
                28,
                878
            ]
        }
    },
    {
        "model": "fillow.movie",
        "pk": 11631,
        "fields": {
            "title": "맘마 미아",
            "release_date": "2008-07-03",
            "popularity": 27.18,
            "vote_count": 5872,
            "vote_avg": 6.967,
            "overview": "그리스의 작은 섬에서 모텔을 운영하는 도나(메릴 스트립)의 딸 소피(아만다 사이프리드)는 연인 스카이와 행복한 결혼을 앞두고 있다. 그러나 완벽한 결혼을 꿈꾸는 그녀의 계획에 한가지 걸리는 것이 있으니, 바로 결혼식장에 자신의 손을 잡고 입장해 줄 아빠가 없다는 것. 결혼식을 앞두고 우연히 낡은 트렁크에서 엄마의 일기장을 발견한 소피는 아빠로 추정되는 세 남자의 이름을 발견하고 도나의 이름으로 이들을 결혼식에 초대한다. 마침내 결혼식이 다가오고 소피가 초대한 세 남자 샘(피어스 브로스넌), 해리(콜린 퍼스), 빌(스텔란 스카스가드)이 그리스 섬에 도착하면서 도나는 당황하게 되는데...",
            "poster_path": "/9fnWov6Mb7LJKA2dJLV9h1mcSnF.jpg",
            "adult": false,
            "backdrop_path": "/ns9T8glyF7mYwxrcUHXm22nMf9t.jpg",
            "original_language": "en",
            "original_title": "Mamma Mia!",
            "revenue": 609841637,
            "runtime": 108,
            "tagline": "전 세계가 잊지 못할 결혼식에  당신을 초대합니다",
            "genres": [
                35,
                10749
            ]
        }
    },
    {
        "model": "fillow.movie",
        "pk": 13448,
        "fields": {
            "title": "천사와 악마",
            "release_date": "2009-05-13",
            "popularity": 39.368,
            "vote_count": 6224,
            "vote_avg": 6.7,
            "overview": "세계 최대의 과학연구소 ‘CERN’(유럽 원자핵 공동 연구소)에서 우주 탄생을 재현하는 빅뱅 실험이 진행되고 실험을 통해 강력한 에너지원인 반물질 개발에 성공하지만 과학자가 살해되고 반물질이 사라지는 사건이 발생한다.  한편, 하버드대 종교기호학 교수 로버트 랭던(톰 행크스)은 교황청으로부터 의문의 사건과 관련된 암호 해독을 의뢰받는다. 새로운 교황을 선출하는 고대의식인 ‘콘클라베’가 집행되기 전, 가장 유력한 4명의 교황 후보가 납치되고 교황청에 비밀결사 일루미나티의 상징인 앰비그램이 나타난 것. 500년만에 부활한 일루미나티는 4명의 교황 후보를 한 시간에 한 명씩 살해하고 마지막에는 CERN에서 탈취한 반물질로 바티칸을 폭파시킬 것이라며 카톨릭 교회를 위협한다.  사건을 해결하기 위해 로마 바티칸에 도착한 로버트 랭던과 비토리아는 곳곳에 숨겨져 있는 일루미나티의 단서를 파헤치며 그들의 근거지로 향하는 ‘계몽의 길’ 추적에 나서는데…",
            "poster_path": "/vsFzsh4ozewRyTzPY0LlI4r31EI.jpg",
            "adult": false,
            "backdrop_path": "/cj0VkGBTywa7WTIPPW9xgqmUVWl.jpg",
            "original_language": "en",
            "original_title": "Angels & Demons",
            "revenue": 485930816,
            "runtime": 138,
            "tagline": "500년을 기다려온 거대한 복수가 시작된다!",
            "genres": [
                53,
                9648
            ]
        }
    },
    {
        "model": "fillow.movie",
        "pk": 15121,
        "fields": {
            "title": "사운드 오브 뮤직",
            "release_date": "1965-03-29",
            "popularity": 19.198,
            "vote_count": 2884,
            "vote_avg": 7.707,
            "overview": "알프스의 아름다운 자연에 둘러싸인 오스트리아의 잘츠부르크 수도원. 음악을 사랑하는 말괄량이 견습 수녀 마리아는 원장 수녀의 권유로 해군 명문 집안 폰 트랩가의 가정교사가 된다. 마리아는 좀처럼 마음의 문을 열지 않는 폰 트랩가의 일곱 아이들에게 노래를 가르치며 점차 교감하게 되고, 엄격한 폰 트랩 대령 역시 마음의 문을 열게 된다. 그러던 어느 날, 마리아는 자신이 폰 트랩 대령을 사랑하고 있다는 사실을 깨닫게 되고, 자신만의 비밀을 간직한 채 아이들의 곁을 떠나 다시 수녀원에 들어가기로 결심하는데...",
            "poster_path": "/3l1ATCYNuHep6evzX8GSUigWOLs.jpg",
            "adult": false,
            "backdrop_path": "/5D9wsIoGLbwbJ4wdvME6Gb6zJNK.jpg",
            "original_language": "en",
            "original_title": "The Sound of Music",
            "revenue": 286214286,
            "runtime": 174,
            "tagline": "알프스에서 들려오는 환상의 하모니",
            "genres": [
                18,
                10402,
                10749,
                10751
            ]
        }
    },
    {
        "model": "fillow.movie",
        "pk": 19995,
        "fields": {
            "title": "아바타",
            "release_date": "2009-12-15",
            "popularity": 194.086,
            "vote_count": 29095,
            "vote_avg": 7.569,
            "overview": "가까운 미래, 지구는 에너지 고갈 문제를 해결하기 위해 머나먼 행성 판도라에서 대체 자원을 채굴하기 시작한다. 하지만 판도라의 독성을 지닌 대기로 인해 자원 획득에 어려움을 겪게 된 인류는 판도라의 토착민 나비의 외형에 인간의 의식을 주입, 원격 조종이 가능한 새로운 생명체를 탄생시키는 프로그램을 개발한다. 한편 하반신이 마비된 전직 해병대원 제이크 설리는 아바타 프로그램에 참가할 것을 제안받는다. 그 곳에서 자신의 아바타를 통해 자유롭게 걸을 수 있게 된 제이크는 자원 채굴을 막으려는 나비의 무리에 침투하라는 임무를 부여받는데...",
            "poster_path": "/zygmx5abXeDpr3fWYX4jlXFZ1wh.jpg",
            "adult": false,
            "backdrop_path": "/vL5LR6WdxWPjLPFRLe133jXWsh5.jpg",
            "original_language": "en",
            "original_title": "Avatar",
            "revenue": 2923706026,
            "runtime": 162,
            "tagline": "새로운 세계가 열린다",
            "genres": [
                12,
                14,
                28,
                878
            ]
        }
    },
    {
        "model": "fillow.movie",
        "pk": 20453,
        "fields": {
            "title": "세 얼간이",
            "release_date": "2009-12-23",
            "popularity": 24.945,
            "vote_count": 2072,
            "vote_avg": 7.984,
            "overview": "천재들만 간다는 일류 명문대 ICE, 성적과 취업만을 강요하는 학교를 발칵 뒤집어 놓은 대단한 녀석 란초! 아버지가 정해준 꿈, ‘공학자’가 되기 위해 정작 본인이 좋아하는 일은 포기하고 공부만 하는 파파보이 파르한! 찢어지게 가난한 집, 병든 아버지와 식구들을 책임지기 위해 무조건 대기업에 취직해야만 하는 라주! 친구의 이름으로 뭉친 ‘세 얼간이’! 삐딱한 천재들의 진정한 꿈을 찾기 위한 세상 뒤집기 한판이 시작된다!",
            "poster_path": "/9zQdFVyDoXqFmGYXp4obna6FEMh.jpg",
            "adult": false,
            "backdrop_path": "/u7kuUaySqXBVAtqEl9vkTkAzHV9.jpg",
            "original_language": "hi",
            "original_title": "3 Idiots",
            "revenue": 70000000,
            "runtime": 170,
            "tagline": "비뚤어진 천재들의 세상 뒤집기 한판!",
            "genres": [
                18,
                35
            ]
        }
    },
    {
        "model": "fillow.movie",
        "pk": 37724,
        "fields": {
            "title": "007 스카이폴",
            "release_date": "2012-10-24",
            "popularity": 30.476,
            "vote_count": 14229,
            "vote_avg": 7.222,
            "overview": "상관 M의 지시에 따라 현장 요원 이브와 함께 임무를 수행하던 제임스 본드는 달리는 열차 위에서 적과 치열한 결투를 벌이다 M의 명령으로 이브가 쏜 총에 맞고 추락하여 실종된다. 이에 임무가 실패로 끝나자 전세계에서 테러단체에 잠입해 임무를 수행 중이던 비밀 요원들의 정보가 분실되고 MI6는 사상 최대의 위기에 빠진다.  설상가상으로 M의 과거에 얽힌 비밀로 인해 미스터리한 적 실바에게 공격을 받은 MI6는 붕괴 위험에 처하게 되고, 이 사건으로 인해 M은 책임 추궁을 당하며 퇴출 위기에 놓인다. 이 때 죽음의 고비에서 부활한 제임스 본드가 M의 곁으로 다시 돌아오는데...",
            "poster_path": "/oHkZwUYpfrAnkKcJh3BdPYsBSPX.jpg",
            "adult": false,
            "backdrop_path": "/nJNMoX93HsjsexFdxWSX7oDDSPs.jpg",
            "original_language": "en",
            "original_title": "Skyfall",
            "revenue": 0,
            "runtime": 143,
            "tagline": "M의 과거에 얽힌 비밀",
            "genres": [
                12,
                28,
                53
            ]
        }
    },
    {
        "model": "fillow.movie",
        "pk": 37834,
        "fields": {
            "title": "나잇 & 데이",
            "release_date": "2010-06-24",
            "popularity": 30.686,
            "vote_count": 4031,
            "vote_avg": 6.2,
            "overview": "평범한 커리어 우먼 준(카메론 디아즈)은 우연히 공항에서 꿈에 그리던 이상형의 남자 밀러(톰 크루즈)를 만나 함께 비행기에 탑승하게 된다. 하지만 그녀가 잠시 화장실 다녀온 사이 비행기 안을 쑥대밭으로 만들어버린 밀러. 자신을 스파이라고 소개하지만 준은 그의 정체를 믿을 수 없다. 정신을 차리기도 전 그녀를 위협하는 의문의 사람들, 그리고 그녀를 구하기 위해 동에 번쩍 서에 번쩍 나타나는 밀러로 인해 더욱 혼란에 빠져드는 준. 예측할 수 없는 사건, 암살과 배신이 난무하는 가운데 그녀는 밀러를 믿고 따라가야 할지 정보기관의 배신자로 치부해야 할지 고민에 빠져들지만, 이미 자신도 모르는 사이에 그의 비밀 프로젝트에 깊숙히 휘말리게 된 준은 밀러와 함께 전 세계를 누비는 목숨을 건 질주를 시작한다.",
            "poster_path": "/a7JmOBMNj5erYTgt4u1mQgvHItu.jpg",
            "adult": false,
            "backdrop_path": "/grHeT4GGDmVcreyuS0D53DlFD5p.jpg",
            "original_language": "en",
            "original_title": "Knight and Day",
            "revenue": 261989769,
            "runtime": 109,
            "tagline": "Every Hit Man Deserves a Second Shot!",
            "genres": [
                28,
                35
            ]
        }
    },
    {
        "model": "fillow.movie",
        "pk": 38356,
        "fields": {
            "title": "트랜스포머 3",
            "release_date": "2011-06-28",
            "popularity": 21.7,
            "vote_count": 7498,
            "vote_avg": 6.173,
            "overview": "시카고 도심 한복판, 정체 불명의 푸른 빛이 하늘을 향해 쏘아 올려진다.빛은 오랜 시간 동안 달의 어둠 속에 잠들어 있던 디셉티콘 군단을 깨우게 되고,순식간에 시카고를 점령한 디셉티콘 군단의 무차별 공격으로 인해 도시는 초토화된다.오토봇의 수장 옵티머스 프라임은 디셉티콘의 도심 공격이 40년 전 인류의 달 착륙과 관련이 있다는 것을 알아내고,다시 한번 우주의 운명을 건 최후의 전면전에 나서는데…  수천년을 끌어온 오토봇 VS 디셉티콘의 전쟁. 그 최후의 전투가 지금 시작된다!",
            "poster_path": "/wVwFn3I4DPH377ygzN4maXUc4SK.jpg",
            "adult": false,
            "backdrop_path": "/h3js4rulxzKMOokM2oO5Kr0mBZU.jpg",
            "original_language": "en",
            "original_title": "Transformers: Dark of the Moon",
            "revenue": 1123794079,
            "runtime": 154,
            "tagline": "지구의 운명을 건 최후의 전면전",
            "genres": [
                12,
                28,
                878
            ]
        }
    },
    {
        "model": "fillow.movie",
        "pk": 45269,
        "fields": {
            "title": "킹스 스피치",
            "release_date": "2010-11-26",
            "popularity": 16.133,
            "vote_count": 7958,
            "vote_avg": 7.737,
            "overview": "1939년, 세기의 스캔들을 일으키며 왕위를 포기한 형 때문에 본의 아니게 왕위에 오른 알버트 왕자(콜린 퍼스)에겐 치명적인 단점이 있다. 사람들 앞에만 서면 말을 더듬는 것.  국왕의 자리가 버겁기만 한 알버트와 그를 지켜보는 아내 엘리자베스 왕비, 그리고 국민들도 애가 타기는 마찬가지다. 게다가 지금 세계는 2차 세계 대전 중. 불안한 정세 속 새로운 지도자를 간절히 원하는 국민들을 위해 알버트는 아내의 소개로 괴짜 언어 치료사 라이오넬 로그를 만나게 되고, 삐걱거리는 첫 만남 이후 둘은 기상천외한 치료법을 통해 말더듬증 극복에 도전하게 되는데...",
            "poster_path": "/pjoGWlSQdojGkUBtCfFTW2a3AKR.jpg",
            "adult": false,
            "backdrop_path": "/5eb7l7AE2yU0mvb38fR5qLNhDDH.jpg",
            "original_language": "en",
            "original_title": "The King's Speech",
            "revenue": 414211549,
            "runtime": 118,
            "tagline": "말더듬이 왕, 세상을 감동시킬 위대한 도전을 시작하다",
            "genres": [
                18,
                36
            ]
        }
    },
    {
        "model": "fillow.movie",
        "pk": 49026,
        "fields": {
            "title": "다크 나이트 라이즈",
            "release_date": "2012-07-16",
            "popularity": 52.413,
            "vote_count": 20815,
            "vote_avg": 7.776,
            "overview": "배트맨이 조커와의 대결을 끝으로 세상에서 모습을 감춘 8년 후, 하비 덴트의 죽음에 대한 책임을 떠안은 배트맨은 모든 것을 희생하며 떠난다. 범죄방지 덴트법으로 인해 한동안 평화가 지속되던 고담시의 파멸을 예고하며 나타난 마스크를 쓴 잔인한 악당, 최강의 적 베인이 등장한다. 베인은 배트맨이 스스로 택한 유배 생활에 종지부를 찍게 하지만, 다시 돌아온 배트맨에게 베인은 만만한 상대가 아니다. 자신을 거부한 사람들의 고통을 지켜볼 것인가, 정의의 수호자로 나설 것인가. 배트맨은 승패를 알 수 없는 마지막 전투를 시작하려 하는데...",
            "poster_path": "/stbZZs3WMPr9rvAT92Qd8gXCUfx.jpg",
            "adult": false,
            "backdrop_path": "/Yrpb32j3eMpMVX7ND3TnOkHnbl.jpg",
            "original_language": "en",
            "original_title": "The Dark Knight Rises",
            "revenue": 1081041287,
            "runtime": 164,
            "tagline": "배트맨 vs 베인, 운명을 건 최후의 전투",
            "genres": [
                18,
                28,
                53,
                80
            ]
        }
    },
    {
        "model": "fillow.movie",
        "pk": 68718,
        "fields": {
            "title": "장고: 분노의 추적자",
            "release_date": "2012-12-25",
            "popularity": 51.514,
            "vote_count": 24075,
            "vote_avg": 8.2,
            "overview": "흑인 노예 장고는 착한 사마리아인 같은 독일인 현금사냥꾼 닥터 킹의 도움을 받아 멋진 말을 타고 미국 평원을 달리며 헤어진 아내 브룸힐다를 찾아다니는 총잡이 낭만주의자로 변신한다. 그는 브룸힐다가 미시시피에서 가장 악독한 농장 캔디랜드의 노예로 일하고 있다는 소식을 듣고 농장주 캔디를 찾아간다. 아내를 구해야 하는 분노의 로맨티스트 장고, 그를 돕는 정의의 바운티 헌터 닥터 킹, 그리고 그들의 표적이 된 욕망의 마스터 캔디. 복수의 사슬이 풀리면, 세 남자의 피도 눈물도 없는 대결이 시작된다.",
            "poster_path": "/cDW2Ro4HPhsYgRKyGI9CA33gTpn.jpg",
            "adult": false,
            "backdrop_path": "/2oZklIzUbvZXXzIFzv7Hi68d6xf.jpg",
            "original_language": "en",
            "original_title": "Django Unchained",
            "revenue": 425368238,
            "runtime": 165,
            "tagline": "복수의 끝에서 놈을 만났다",
            "genres": [
                18,
                37
            ]
        }
    },
    {
        "model": "fillow.movie",
        "pk": 68734,
        "fields": {
            "title": "아르고",
            "release_date": "2012-10-11",
            "popularity": 21.584,
            "vote_count": 7583,
            "vote_avg": 7.271,
            "overview": "1979년, 테헤란에 있는 미 대사관이 성난 시위대에게 점령당하자 6명의 직원들은 캐나다 대사 관저로 피신하고 이들을 구하기 위해CIA의 구출 전문요원 토니 멘데스(벤 에플렉)가 투입된다. 자신의 아들이 보던 영화 에서 힌트를 얻은 토니는 가짜 SF 영화를 제작하는 영화사를 세워 인질을 구출하는 기상천외한 작전을 세운다. 할리우드 제작자들과 협력해 가짜 시나리오를 만들고 배우를 캐스팅해 기자 회견까지 여는 치밀함으로 전 세계를 감쪽같이 속인 그는 로케이션 장소 헌팅이라는 명목으로 테헤란에 잠입하는데...",
            "poster_path": "/n9krGDgUlxm5Uh6pZTfTEEKgeTm.jpg",
            "adult": false,
            "backdrop_path": "/iVk4mVKwNE66JbBcoDwcYFvuUXM.jpg",
            "original_language": "en",
            "original_title": "Argo",
            "revenue": 232325503,
            "runtime": 120,
            "tagline": "30년 만에 공개되는 444일의 인질구출작전",
            "genres": [
                18,
                53
            ]
        }
    },
    {
        "model": "fillow.movie",
        "pk": 72190,
        "fields": {
            "title": "월드워Z",
            "release_date": "2013-06-20",
            "popularity": 68.343,
            "vote_count": 14063,
            "vote_avg": 6.802,
            "overview": "세계 곳곳에서 원인을 알 수 없는 이변이 일어나기 시작하고, 정체 불명의 존재들의 무차별적 공격으로 도시는 순식간에 아수라장으로 변한다. 군인 출신으로 전시 경험이 풍부하고 위기 대처 능력이 뛰어난 전직 UN 소속 조사관 제리는 위험한 상황에서 가까스로 가족들과 탈출하는데 성공하고 이제껏 본 적 없는 인류 최대의 위기 앞에 대재난에 맞설 최후의 적임자로 지목된다. 마침내 제리는 전 세계를 위협하는 거대한 정체들과 직면하게 되고, 그들의 끊임없는 공격에 맞서 필사의 사투를 벌이게 되는데...",
            "poster_path": "/m7XV4mnSGh6esBZwQyLlfEtRMiB.jpg",
            "adult": false,
            "backdrop_path": "/kg2FOT2Oe5PSCgs3L4vLel6B7ck.jpg",
            "original_language": "en",
            "original_title": "World War Z",
            "revenue": 531865000,
            "runtime": 115,
            "tagline": "전 세계 이상 기류... 거대한 습격이 시작된다",
            "genres": [
                18,
                27,
                28,
                53,
                878
            ]
        }
    },
    {
        "model": "fillow.movie",
        "pk": 76341,
        "fields": {
            "title": "매드 맥스: 분노의 도로",
            "release_date": "2015-05-13",
            "popularity": 57.26,
            "vote_count": 20526,
            "vote_avg": 7.575,
            "overview": "핵전쟁으로 멸망한 22세기. 얼마 남지 않은 물과 기름을 차지한 독재자 임모탄 조가 살아남은 인류를 지배한다. 한편 아내와 딸을 잃고 살아남기 위해 사막을 떠돌던 맥스는 임모탄의 부하들에게 납치되어 노예로 끌려가고, 폭정에 반발한 외팔의 사령관 퓨리오사는 인류 생존의 열쇠를 쥔 임모탄의 여인들을 탈취해 분노의 도로로 폭주한다. 이에 임모탄의 전사인 워보이들과 신인류 눅스는 피주머니 신세로 전락한 맥스를 이끌고 퓨리오사의 뒤를 쫓는데...",
            "poster_path": "/cadVm6gKYYukmPysHGCwrawUHHa.jpg",
            "adult": false,
            "backdrop_path": "/8yACFuo4OaIiKr9hHFlmPcGalKx.jpg",
            "original_language": "en",
            "original_title": "Mad Max: Fury Road",
            "revenue": 378858340,
            "runtime": 120,
            "tagline": "희망없는 세상, 미친놈만 살아 남는다",
            "genres": [
                12,
                28,
                878
            ]
        }
    },
    {
        "model": "fillow.movie",
        "pk": 82695,
        "fields": {
            "title": "레미제라블",
            "release_date": "2012-12-18",
            "popularity": 18.429,
            "vote_count": 4876,
            "vote_avg": 7.3,
            "overview": "빵 한 조각을 훔친 죄로 19년의 감옥살이를 한 장발장(휴 잭맨). 우연히 만난 신부의 손길 아래 구원을 받고 새로운 삶을 결심한다. 정체를 숨기고 마들렌이라는 새 이름으로 가난한 이들을 도우던 장발장은 운명의 여인, 판틴(앤 해서웨이)과 마주치고, 죽음을 눈앞에 둔 판틴은 자신의 유일한 희망인 딸 코제트(아만다 사이프리드)를 장발장에게 부탁한다. 그러나 코제트를 만나기도 전에 경감 자베르(러셀 크로우)는 장발장의 진짜 정체를 알아차리고, 오래된 누명으로 다시 체포된 장발장은 코제트를 찾아 탈옥을 감행하는데...",
            "poster_path": "/hSjWT9LsyNJ9H3d1Tn9Hx02hnQD.jpg",
            "adult": false,
            "backdrop_path": "/bsG8LkZx1ijrcf3fP6AvBlGTxkX.jpg",
            "original_language": "en",
            "original_title": "Les Misérables",
            "revenue": 441809770,
            "runtime": 158,
            "tagline": "사랑과 용서, 구원과 희망을 향한 노래",
            "genres": [
                18,
                36
            ]
        }
    },
    {
        "model": "fillow.movie",
        "pk": 99861,
        "fields": {
            "title": "어벤져스: 에이지 오브 울트론",
            "release_date": "2015-04-22",
            "popularity": 92.02,
            "vote_count": 21287,
            "vote_avg": 7.28,
            "overview": "토니 스타크는 뉴욕전쟁 때와 같은 사태가 벌어지지 않도록 한때 가동하려다 중단된 휴면 상태의 평화 유지 프로그램을 작동 시키려 한다. 배너 박사와 함께 지구를 지킬 최강의 인공지능 울트론을 탄생시키게 되지만, 울트론은 예상과 다르게 지배를 벗어나 폭주하기 시작하고 어벤져스는 지구의 운명이 걸린 거대한 시험대에 오르게 된다. 울트론이 자신을 복제해 위협을 가하자 이를 저지하기 위해 아이언맨, 캡틴 아메리카, 토르, 헐크, 블랙위도우, 호크아이 등으로 구성된 어벤져스와 새로 합류하게 되는 퀵 실버, 스칼렛 위치 남매와 불안한 동맹을 맺는다.",
            "poster_path": "/sTUiA9zY6O4qFlmRC69nG6dngTh.jpg",
            "adult": false,
            "backdrop_path": "/6YwkGolwdOMNpbTOmLjoehlVWs5.jpg",
            "original_language": "en",
            "original_title": "Avengers: Age of Ultron",
            "revenue": 1405403694,
            "runtime": 141,
            "tagline": "기다림은 끝났다",
            "genres": [
                12,
                28,
                878
            ]
        }
    },
    {
        "model": "fillow.movie",
        "pk": 127585,
        "fields": {
            "title": "엑스맨: 데이즈 오브 퓨처 패스트",
            "release_date": "2014-05-15",
            "popularity": 47.806,
            "vote_count": 14145,
            "vote_avg": 7.521,
            "overview": "돌연변이들을 멸종시키기 위해 제작된 로봇 센티넬이 인간들까지 모조리 말살하는 2023년. 인류의 종말이 코앞에 닥친 상황에서 프로페서X와 매그니토는 과거를 통해 미래의 운명을 바꾸고자 한다. 울버린은 트라스크가 센티넬을 개발하는 것을 막기 위해 1973년으로 보내진다. 1973년의 찰스는 절망에 빠진 채 행크 맥코이와 함께 은둔 생활을 하고 있고, 에릭은 케네디 대통령 암살 용의자로 붙잡혀 펜타곤 지하 깊숙한 곳에 위치한 수용소에 갇혀 있다.",
            "poster_path": "/zm5zanw86TX2T7qJNTKilL3x3S8.jpg",
            "adult": false,
            "backdrop_path": "/fctQU5MoXgJ5pNMljFzlEFXwfSu.jpg",
            "original_language": "en",
            "original_title": "X-Men: Days of Future Past",
            "revenue": 747862775,
            "runtime": 134,
            "tagline": "과거로 돌아가 미래를 구하라",
            "genres": [
                12,
                28,
                878
            ]
        }
    },
    {
        "model": "fillow.movie",
        "pk": 207703,
        "fields": {
            "title": "킹스맨: 시크릿 에이전트",
            "release_date": "2014-12-13",
            "popularity": 70.714,
            "vote_count": 15328,
            "vote_avg": 7.637,
            "overview": "높은 IQ, 주니어 체조대회 2년 연속 우승! 그러나 학교 중퇴, 해병대 중도 하차. 동네 패싸움에 직장은 가져본 적도 없이 별볼일 없는 루저로 낙인 찍혔던 ‘그’가‘젠틀맨 스파이’로 전격 스카우트 됐다! 전설적 베테랑 요원 해리 하트(콜린 퍼스)는 경찰서에 구치된 에그시(태런 애거튼)를 구제한다. 탁월한 잠재력을 알아본 그는 에그시를 전설적 국제 비밀정보기구 ‘킹스맨’ 면접에 참여시킨다. 아버지 또한 ‘킹스맨’의 촉망 받는 요원이었으나 해리 하트를 살리기 위해 죽었다는 사실을 알게 된 에그시. 목숨을 앗아갈 만큼 위험천만한 훈련을 통과해야 하는 킹스맨 후보들. 최종 멤버 발탁을 눈 앞에 둔 에그시는 최고의 악당 발렌타인(사무엘 L. 잭슨)을 마주하게 되는데…",
            "poster_path": "/9trg6xOTadyHOkl5rN5nlLjx4L8.jpg",
            "adult": false,
            "backdrop_path": "/qzUIOTk0E3F1zjvYjcBRTKUTgf9.jpg",
            "original_language": "en",
            "original_title": "Kingsman: The Secret Service",
            "revenue": 414351546,
            "runtime": 129,
            "tagline": "세상에서 가장 위험한 면접이 시작된다!",
            "genres": [
                12,
                28,
                35,
                80
            ]
        }
    },
    {
        "model": "fillow.movie",
        "pk": 284054,
        "fields": {
            "title": "블랙 팬서",
            "release_date": "2018-02-13",
            "popularity": 55.362,
            "vote_count": 20630,
            "vote_avg": 7.392,
            "overview": "유엔 폭탄 테러로 아버지를 잃은 와칸다의 왕자 티찰라는 시빌 워 이후 고국 와칸다로 돌아가 왕좌에 오른다. 와칸다의 새로운 지도자 블랙팬서가 된 그는 옛 연인이자 와칸다의 스파이 나키아, 호위 무사 오코예와 함께 최강 희귀 금속 비브라늄 폭탄 거래가 이뤄지는 부산을 찾는다. 폭탄 거래의 배후에 있는 인물은 와칸다와 묘종의 연이 있는 정체불명의 남자, 에릭 킬몽거. 그는 놀라운 위력으로 티찰라를 제압하고 와칸다의 새로운 왕이 되려 하고, 이에 블랙 팬서는 피할 수 없는 전쟁에 나서는데...",
            "poster_path": "/iRkknrX0rRxZHSL79W2Rax0EFsL.jpg",
            "adult": false,
            "backdrop_path": "/b6ZJZHUdMEFECvGiDpJjlfUWela.jpg",
            "original_language": "en",
            "original_title": "Black Panther",
            "revenue": 1349926083,
            "runtime": 135,
            "tagline": "마블의 가장 혁신적인 히어로가 온다",
            "genres": [
                12,
                28,
                878
            ]
        }
    },
    {
        "model": "fillow.movie",
        "pk": 286217,
        "fields": {
            "title": "마션",
            "release_date": "2015-09-30",
            "popularity": 39.829,
            "vote_count": 18134,
            "vote_avg": 7.673,
            "overview": "NASA 소속의 아레스 3 탐사대는 화성에 도착한 지 6일째 되는 날 거대한 모래 폭풍을 만난다. 팀원 마크 와트니가 실종되고 회오리바람에 우주선이 기울어지자, 팀원들은 마크를 찾는 일을 포기하고 화성을 떠난다.  극적으로 생존한 마크 와트니는 남은 식량과 기발한 재치로 화성에서 살아남을 방법을 찾으며 자신이 살아있음을 알리려 노력한다. 마침내 자신이 살아있다는 사실을 지구에 알리게 된 마크 와트니. NASA는 총력을 기울여 마크 와트니를 구출하기 위해 노력하고, 아레스 3 탐사대 또한 그를 구출하기 위해 그들만의 방법을 찾게 되는데...",
            "poster_path": "/uH8q40cjMAjrRHyPJMbQwAIJATb.jpg",
            "adult": false,
            "backdrop_path": "/3dPhs7hUnQLphDFzdkD407VZDYo.jpg",
            "original_language": "en",
            "original_title": "The Martian",
            "revenue": 630600000,
            "runtime": 141,
            "tagline": "반드시 돌아갈 것이다",
            "genres": [
                12,
                18,
                878
            ]
        }
    },
    {
        "model": "fillow.movie",
        "pk": 291805,
        "fields": {
            "title": "나우 유 씨 미 2",
            "release_date": "2016-06-02",
            "popularity": 33.527,
            "vote_count": 9945,
            "vote_avg": 6.825,
            "overview": "3년 전, 전세계를 무대로 한 통쾌하고 짜릿한  완전범죄 매직쇼로 세계를 발칵 뒤집어 놓은 그들이 돌아왔다!  마술사기단은 더 강력해진 적에 의해 전세계 팬들이 보는 앞에서 함정에 빠지게 되고  세상의 모든 컴퓨터를 컨트롤할 수 있는 카드를 훔쳐야 하는 절체절명의 위기에 빠진다.  불가능한 마술로 명예 회복에 나선 마술사기단!  보고도 믿을 수 없는 완전범죄 매직쇼가 시작된다!",
            "poster_path": "/7Q6HhzkuV6kXQzKDUttoPZY1b5k.jpg",
            "adult": false,
            "backdrop_path": "/qWE206uqSbEXLVATvbB6fUIX8WE.jpg",
            "original_language": "en",
            "original_title": "Now You See Me 2",
            "revenue": 334901337,
            "runtime": 129,
            "tagline": "'마술사기단’이 돌아왔다!",
            "genres": [
                28,
                53,
                80,
                9648
            ]
        }
    },
    {
        "model": "fillow.movie",
        "pk": 313369,
        "fields": {
            "title": "라라랜드",
            "release_date": "2016-11-29",
            "popularity": 27.725,
            "vote_count": 15248,
            "vote_avg": 7.891,
            "overview": "차들로 빽빽이 들어찬 LA의 고속도로. 거북이 걸음이던 도로가 뚫리기 시작하지만 미아 지금 손에 든 연기 오디션 대본을 놓지 못한다. 세바스찬은 경적을 누르며 미아를 노려보고는 사라진다. 악연의 시작. 이후 미아는 감미로운 피아노 선율에 이끌려 재즈바로 향하는데, 연주자가 바로 세바스찬이다. 미아가 세바스찬에게 인사를 건네려고 다가가던 순간은 하필 그가 재즈바의 레퍼토리를 무시하고 연주한 탓에 해고된 직후. 세바스찬은 인사를 건네려 다가온 미아를 쌩하니 스쳐 지나가버린다. 세 번째로 두 사람은 파티에 온 손님과 출장 밴드의 키보드 연주자로 다시 만나는데...",
            "poster_path": "/6v4g6yW01uTmbxqwg75iEkMkrNP.jpg",
            "adult": false,
            "backdrop_path": "/qJeU7KM4nT2C1WpOrwPcSDGFUWE.jpg",
            "original_language": "en",
            "original_title": "La La Land",
            "revenue": 447407695,
            "runtime": 127,
            "tagline": "이곳에서 모든 감정이 폭발한다",
            "genres": [
                18,
                35,
                10402,
                10749
            ]
        }
    },
    {
        "model": "fillow.movie",
        "pk": 353081,
        "fields": {
            "title": "미션 임파서블: 폴아웃",
            "release_date": "2018-07-13",
            "popularity": 68.241,
            "vote_count": 7152,
            "vote_avg": 7.4,
            "overview": "에단 헌트는 세계를 위협하는 테러 조직 신디케이트의 수장 솔로몬 레인을 우여곡절 끝에 체포했지만, 그의 잔당들은 여전히 세계 각지에서 테러를 일삼는다. 에단 헌트와 그의 팀은 테러조직의 핵무기 소지를 막기 위해 미션에 착수한다. 에단 헌트는 작전 수행 중 예상치 못한 결단을 내리게 되고, 중앙정보국 CIA는 그를 견제하기 위해 상급 요원 어거스트 워커를 파견한다. 최악의 테러 위기와 라이벌의 출현 속, 팀이 행한 모든 선의의 선택들이 최악의 결과로 돌아오면서 미션은 점점 더 예측할 수 없는 상황으로 치닫게 되는데...",
            "poster_path": "/geEjCGfdmRAA1skBPwojcdvnZ8A.jpg",
            "adult": false,
            "backdrop_path": "/jYl0UuJFcmhymv9ZNO14lPLDY1Z.jpg",
            "original_language": "en",
            "original_title": "Mission: Impossible - Fallout",
            "revenue": 791657398,
            "runtime": 147,
            "tagline": "예측 할 수 없는 미션, 피할 수 없는 선택",
            "genres": [
                12,
                28
            ]
        }
    },
    {
        "model": "fillow.movie",
        "pk": 390043,
        "fields": {
            "title": "킬러의 보디가드",
            "release_date": "2017-08-16",
            "popularity": 28.654,
            "vote_count": 5592,
            "vote_avg": 6.887,
            "overview": "영국 최고 실력을 자랑하는 사설 경호원 마이클 브라이스(라이언 레이놀즈)는 어이없는 실수로 의뢰인을 죽게 만든 후 하루아침에 일감이 뚝 끊긴다. 한편 역사상 최악의 독재자로 악명을 떨치던 벨라루스의 두코비치 대통령(게리 올드먼)이 인터폴에 체포되어 헤이그에서 국제사법재판을 받게 된다. 재판 시효가 다가올 때마다 범죄를 증명할 증인이 하나둘 죽어나가자, 사태의 심각성을 파악한 인터폴은 두코비치 대통령의 민간인 학살 범행을 증명할 희대의 킬러 다리우스(새뮤얼 L. 잭슨)를 교도소에서 빼내와 법정에 세울 계획을 세우는데...",
            "poster_path": "/lktHrHZBL1ihgrd4tpM6oyNvqR3.jpg",
            "adult": false,
            "backdrop_path": "/7KsqfXDECZMryX1Rv4RKsT7SIjQ.jpg",
            "original_language": "en",
            "original_title": "The Hitman's Bodyguard",
            "revenue": 176586701,
            "runtime": 118,
            "tagline": "환상적인 구강 액션 콤비플레이",
            "genres": [
                28,
                35
            ]
        }
    },
    {
        "model": "fillow.movie",
        "pk": 402900,
        "fields": {
            "title": "오션스 8",
            "release_date": "2018-06-07",
            "popularity": 30.42,
            "vote_count": 7588,
            "vote_avg": 6.988,
            "overview": "전 애인의 배신으로 5년간 감옥에서 썩은 데비 오션은 가석방되자마자  믿음직한 동료 루와 함께 새로운 작전을 계획한다. 그들의 목표는 바로 뉴욕 메트로폴리탄 박물관에서 열리는 미국 최대 패션 행사인  메트 갈라에 참석하는 톱스타 다프네의 목에 걸린 1천 5백억 원의 다이아몬드 목걸이, 투생을 훔치는 것. 패션 디자이너 로즈 바일부터 보석 전문가 아미타, 소매치기 콘스탄스와 해커 나인 볼까지, 전격 결성된 각 분야 전문가들이 마침내 실행에 나서는데...",
            "poster_path": "/mbE7RoCiFLljulqOhYSlkrnt5b0.jpg",
            "adult": false,
            "backdrop_path": "/w9QfTrYmtoA96zJlVNvjS8eucf8.jpg",
            "original_language": "en",
            "original_title": "Ocean's Eight",
            "revenue": 297718711,
            "runtime": 110,
            "tagline": "1천 5백억원의 다이아몬드 목걸이를 훔쳐라",
            "genres": [
                28,
                35,
                80
            ]
        }
    },
    {
        "model": "fillow.movie",
        "pk": 438631,
        "fields": {
            "title": "듄",
            "release_date": "2021-09-15",
            "popularity": 89.33,
            "vote_count": 8855,
            "vote_avg": 7.803,
            "overview": "10191년, 아트레이데스 가문의 후계자인 폴은 시간과 공간을 초월해 과거와 미래를 모두 볼 수 있고, 더 나은 미래를 만들 유일한 구원자인 예지된 자의 운명을 타고났다. 그리고 어떤 계시처럼 매일 꿈에서 아라키스의 행성에 있는 한 여인을 만난다. 귀족들이 지지하는 아트레이데스 가문에 대한 황제의 질투는 폴과 그 일족들을 죽음이 기다리는 아라키스로 이끄는데...",
            "poster_path": "/wv22frLmCpXDRjKj4MWFwa4eTOK.jpg",
            "adult": false,
            "backdrop_path": "/jYEW5xZkZk2WTrdbMGAPFuBqbDc.jpg",
            "original_language": "en",
            "original_title": "Dune",
            "revenue": 402027830,
            "runtime": 155,
            "tagline": "두려움을 넘어 운명을 마주하라",
            "genres": [
                12,
                878
            ]
        }
    },
    {
        "model": "fillow.movie",
        "pk": 453395,
        "fields": {
            "title": "닥터 스트레인지: 대혼돈의 멀티버스",
            "release_date": "2022-05-04",
            "popularity": 211.292,
            "vote_count": 7433,
            "vote_avg": 7.378,
            "overview": "아메리카는 어느 날 멀티버스 사이를 오갈 수 있는 힘에 눈을 뜨지만 완전히 제어하지 못한다. 정체불명의 악마가 아메리카를 죽이려 하자 다른 우주의 스트레인지가 이를 막아보지만 결국 살해당한다. 우여곡절 끝에 우리가 알고 있는 우주로 넘어온 아메리카는 어벤져스 멤버인 닥터 스트레인지의 도움과 보호를 받는다. 닥터 스트레인지는 웨스트뷰 사건 이후 잠적한 완다에게 도움을 청하지만 곧바로 그녀가 사건의 진정한 흑막, 스칼렛 위치임이 드러난다. 스칼렛 위치는 자신의 원하는 멀티버스로 가기 위해 아메리카의 힘을 흡수하려 한다. 닥터 스트레인지와 아메리카는 압도적인 힘을 지닌 스칼렛 위치를 피해 또 한번 다른 멀티버스로 도망치지만 그의 끈질긴 추격을 받는다.",
            "poster_path": "/vL5ktZauR0fZMDOHKjakb1idhuU.jpg",
            "adult": false,
            "backdrop_path": "/iKUwhA4DUxMcNKu5lLSbDFwwilk.jpg",
            "original_language": "en",
            "original_title": "Doctor Strange in the Multiverse of Madness",
            "revenue": 952224986,
            "runtime": 126,
            "tagline": "상상의 경계를 무너뜨릴 광기",
            "genres": [
                12,
                14,
                28
            ]
        }
    },
    {
        "model": "fillow.movie",
        "pk": 458423,
        "fields": {
            "title": "맘마 미아 2",
            "release_date": "2018-07-09",
            "popularity": 16.685,
            "vote_count": 3041,
            "vote_avg": 7.136,
            "overview": "스카이(도미닉 쿠퍼)와의 행복한 여행이 끝나고, 마침내 그리스 칼로카이리 섬으로 돌아온 소피(아만다 사이프리드). 그녀는 엄마 도나(메릴 스트립)가 운영하던 호텔의 재개장을 준비하며 홀로서기를 결심한다.  소피를 도와주기 위해 찾아온 도나의 오랜 친구 타냐와 로지, 그리고 그녀의 사랑스러운 세 아빠들(?) 샘, 해리, 빌까지! 소피는 이들과 소중한 시간을 함께 보내며, 한 번도 들은 적 없던 도나의 찬란했던 20대 추억을 들여다보게 된다. 그리고 그들 앞에 뜻밖의 손님, 할머니 루비 셰리던(셰어)이 찾아오고, 영원히 잊지 못할 한여름 밤의 파티가 시작되는데...",
            "poster_path": "/kOtJnv1plVPLTO6JadPv3WrWanF.jpg",
            "adult": false,
            "backdrop_path": "/gtv2H1u9eGffjxVqNfJBZuFCKxR.jpg",
            "original_language": "en",
            "original_title": "Mamma Mia! Here We Go Again",
            "revenue": 395044706,
            "runtime": 113,
            "tagline": "전세계가 사랑한 최고의 뮤지컬 영화가 돌아온다!",
            "genres": [
                35,
                10749
            ]
        }
    },
    {
        "model": "fillow.movielocation",
        "pk": 1,
        "fields": {
            "tmdb_id": 89,
            "location_name": "페트라(Petra)",
            "latitude": "30.321811",
            "longitude": "35.480194",
            "location_country": "요르단",
            "youtube_url": "https://www.youtube.com/embed/bGN0LuEXBYY",
            "location_photo_url": "https://img.delicious.com.au/kY3ltSj4/del/2019/12/indiana-jones-and-the-last-crusade-petra-jordan-121526-2.jpg",
            "location_description": "《인디아나 존스: 최후의 성전》은 전설적인 탐험가 인디아나 존스의 모험을 그린 액션 어드벤처 영화입니다. 이 작품에서는 인디아나 존스가 신비로운 성전을 찾기 위해 전 세계를 누비는데, 그 중 하나의 중요한 장면은 요르단의 매혹적인 도시인 페트라에서 촬영되었습니다. 페트라는 황량한 사막의 중간에 위치하며, 그 고대 도시의 아름다움과 신비로운 분위기는 관객들에게 놀라움과 감동을 선사할 것입니다. 이 영화를 통해 페트라의 숨겨진 보물과 역사를 탐험하는 장소로서의 매력을 느껴보세요.",
            "created_at": null,
            "updated_at": null,
            "user": 1
        }
    },
    {
        "model": "fillow.movielocation",
        "pk": 2,
        "fields": {
            "tmdb_id": 278,
            "location_name": "오하이오주 소년원(Ohio State Reformatory)",
            "latitude": "40.784377",
            "longitude": "-82.502417",
            "location_country": "미국",
            "youtube_url": "https://www.youtube.com/embed/mR8hHqDygYQ",
            "location_photo_url": "https://deih43ym53wif.cloudfront.net/large_ohio-state-reformatory-mansfield-shutterstock_601923842.jpg_32244f1632.jpg",
            "location_description": "《쇼생크 탈출》은 감옥 생활의 굴레에서 탈출을 꿈꾸는 두 남성의 이야기를 그린 명작 드라마 영화입니다. 이 작품은 미국 오하이오 주에 위치한 오하이오 주립 개혁원(Ohio State Reformatory)에서 촬영되었습니다. 오하이오 주립 소년원은 그 유명한 벽돌 건물과 강력한 분위기로 인해 영화 속 탈출의 공간으로 완벽하게 어울리며, 그 압도적인 체감감은 관객들에게 긴장감과 긴밀한 연출을 선사합니다. 이 영화를 통해 오하이오 주립 소년원이 쇼생크 탈출의 핵심 배경지로서 어떤 역할을 하는지 직접 경험해보세요.",
            "created_at": null,
            "updated_at": null,
            "user": 1
        }
    },
    {
        "model": "fillow.movielocation",
        "pk": 3,
        "fields": {
            "tmdb_id": 127585,
            "location_name": "로버트 F. 케네디 기념 스타디움(Robert F. Kennedy Memorial Stadium)",
            "latitude": "38.889601",
            "longitude": "-76.972055",
            "location_country": "미국",
            "youtube_url": "https://www.youtube.com/embed/pAApe_5Rewg",
            "location_photo_url": "https://eventsdc.com/sites/default/files/styles/upcoming_event_782_x_440_/public/2020-12/New%20Website%20-%20News%20Article%20Image%20Size%20%2852%29_0.png?itok=hv9NL3gM",
            "location_description": "《엑스맨: 데이즈 오브 퓨처 패스트》는 미래의 멸망을 막기 위해 과거로 돌아가는 엑스맨들의 잠재력을 그린 슈퍼히어로 영화입니다. 이 작품에서는 중요한 장면이 로버트 F. 케네디 기념 스타디움에서 촬영되었습니다. 로버트 F. 케네디 기념 스타디움은 미국 매사추세츠 주에 위치한 역사적인 경기장으로, 그 유명한 건물과 시원한 분위기는 영화 속 액션과 스릴을 한층 더해줍니다. 이 영화를 통해 로버트 F. 케네디 기념 스타디움이 엑스맨들의 모험과 전투의 배경지로서 어떤 역할을 하는지 직접 체험해보세요.",
            "created_at": null,
            "updated_at": null,
            "user": 1
        }
    },
    {
        "model": "fillow.movielocation",
        "pk": 4,
        "fields": {
            "tmdb_id": 857,
            "location_name": "커라클로 해변(Curracloe Beach)",
            "latitude": "52.388699",
            "longitude": "-6.362142",
            "location_country": "아일랜드",
            "youtube_url": "https://www.youtube.com/embed/n0YGJ5D8VZk",
            "location_photo_url": "https://deih43ym53wif.cloudfront.net/large_curracloe-beach-co-wexford-ireland-shutterstock_1478053556.jpg_f35c9ca0d8.jpg",
            "location_description": "《라이언 일병 구하기》는 제2차 세계 대전을 배경으로 한 전쟁 드라마 영화로, 한 소대가 프랑스로 파견되어 병사 라이언을 찾는 모험을 그립니다. 이 작품에서는 중요한 장면이 커라클로 비치에서 촬영되었습니다. 커라클로 비치는 아일랜드의 아름다운 해안 지역으로, 그 푸른 바다와 깨끗한 모래사장은 영화 속 전투와 감동적인 장면을 한층 더욱 생동감 있게 표현해줍니다. 이 영화를 통해 Curracloe Beach가 전투의 배경지로서 어떤 역할을 하는지 직접 경험해보세요. 그 자연의 아름다움과 전쟁의 잔혹함이 공존하는 이곳이 영화 속 세계를 더욱 빛나게 만들어줄 것입니다.",
            "created_at": null,
            "updated_at": null,
            "user": 1
        }
    },
    {
        "model": "fillow.movielocation",
        "pk": 5,
        "fields": {
            "tmdb_id": 37834,
            "location_name": "엘푸에르토데산타마리아(El Puerto de Santa María)",
            "latitude": "36.596871",
            "longitude": "-6.232734",
            "location_country": "스페인",
            "youtube_url": "https://www.youtube.com/embed/oMWqB05lpRU",
            "location_photo_url": "https://cst.brightspotcdn.com/dims4/default/c967e91/2147483647/strip/true/crop/3333x2222+43+0/resize/840x560!/format/webp/quality/90/?url=https%3A%2F%2Fcdn.vox-cdn.com%2Fthumbor%2Fj-gG-wV3wB5lk3TEDZmpblHFYZk%3D%2F212x179%3A3719x2401%2F3507x2222%2Ffilters%3Afocal%281921x1921%3A1922x1922%29%2Fcdn.vox-cdn.com%2Fuploads%2Fchorus_asset%2Ffile%2F24168243%2FIMG_7231_2.jpeg",
            "location_description": "Knight and Day 영화의 The Running of the Bulls 장면은 스페인의 Cádiz 지역 중 하나인 El Puerto de Santa María에서 촬영되었습니다. El Puerto de Santa María는 Cádiz 주에 위치한 도시로, 그리스도 장례식으로 유명한 장소입니다. The Running of the Bulls 장면에서는 이 도시의 거리와 광장에서 주최되는 전통적인 행사의 분위기를 담고 있습니다.",
            "created_at": null,
            "updated_at": null,
            "user": 1
        }
    },
    {
        "model": "fillow.movielocation",
        "pk": 6,
        "fields": {
            "tmdb_id": 353081,
            "location_name": "에투알 개선문(Arc de Triomphe)",
            "latitude": "48.873968",
            "longitude": "2.295103",
            "location_country": "프랑스",
            "youtube_url": "https://www.youtube.com/embed/1KafYbnzH-M",
            "location_photo_url": "https://upload.wikimedia.org/wikipedia/commons/thumb/7/79/Arc_de_Triomphe%2C_Paris_21_October_2010.jpg/413px-Arc_de_Triomphe%2C_Paris_21_October_2010.jpg",
            "location_description": "《미션 임파서블: 폴아웃》은 스릴 넘치는 스파이 액션으로 유명한 영화 시리즈로, 이 작품에서는 톰 크루즈가 개선문에서 오토바이를 타는 장면이 촬영되었습니다. 개선문은 프랑스 파리의 상징적인 랜드마크로, 아름다운 건축물과 역사적인 중요성으로 유명합니다. 영화에서 개선문에서 펼쳐지는 오토바이 추격 장면은 긴장감과 속도感을 최대한으로 전달하며, 파리의 아름다움과 장소의 고귀함을 동시에 느낄 수 있습니다. 《미션 임파서블: 폴아웃》은 개선문의 매력과 영화의 역동적인 액션을 결합하여 관객들에게 짜릿한 경험을 선사합니다.",
            "created_at": null,
            "updated_at": null,
            "user": 1
        }
    },
    {
        "model": "fillow.movielocation",
        "pk": 7,
        "fields": {
            "tmdb_id": 380,
            "location_name": "씨저스 팰리스(Caesar’s Palace, Las Vegas)",
            "latitude": "36.137728",
            "longitude": "-115.165939",
            "location_country": "미국",
            "youtube_url": "https://www.youtube.com/embed/RW1qHA5Hqwc",
            "location_photo_url": "https://deih43ym53wif.cloudfront.net/large_las-vegas-usa-shutterstock_566096053_0dbc130885.jpeg",
            "location_description": "《레인맨》은 특수한 능력을 지닌 형제의 이야기를 그린 감동적인 드라마 영화입니다. 이 작품에서는 중요한 장면이 씨저스 팰리스에서 촬영되었습니다. 씨저스 팰리스는 미국 라스베이거스에 위치한 호텔과 카지노로, 그 화려하고 고급스러운 분위기는 영화 속 주인공의 변화와 동기부여를 효과적으로 전달합니다. 이 영화를 통해 씨저스 팰리스가 형제의 우정과 성장을 위한 여정의 배경지로서 어떤 역할을 하는지 직접 체험해보세요. 화려한 장식과 활기찬 분위기가 관객들에게 흥미로운 이야기와 감동을 선사할 것입니다.",
            "created_at": null,
            "updated_at": null,
            "user": 1
        }
    },
    {
        "model": "fillow.movielocation",
        "pk": 8,
        "fields": {
            "tmdb_id": 1995,
            "location_name": "앙코르 톰(Angkor Thom)",
            "latitude": "13.484335",
            "longitude": "103.873561",
            "location_country": "캄보디아",
            "youtube_url": "https://www.youtube.com/embed/Rb7ezWhWK1s",
            "location_photo_url": "https://deih43ym53wif.cloudfront.net/large_bayon-temple-angkor-thom-cambodia-shutterstock_339593069-2_1cab50c197.jpeg",
            "location_description": "《툼 레이더》는 대체불가한 여전사 라라 크로프트의 모험을 그린 액션 어드벤처 영화입니다. 이 작품에서는 중요한 장면이 캄보디아의 앙코르 톰에서 촬영되었습니다. 앙코르 톰은 세계문화유산으로 알려진 고대 도시로, 그 황량하고 신비로운 분위기는 영화 속 라라 크로프트의 모험과 전투를 한층 더욱 풍성하게 표현해줍니다. 이 영화를 통해 앙코르 톰이 라라 크로프트의 사냥터와 보물의 비밀을 숨기는 장소로서 어떤 역할을 하는지 직접 경험해보세요. 그 유서 깊은 유물과 환상적인 건축물은 관객들에게 놀라움과 열정을 전달할 것입니다.",
            "created_at": null,
            "updated_at": null,
            "user": 1
        }
    },
    {
        "model": "fillow.movielocation",
        "pk": 9,
        "fields": {
            "tmdb_id": 45269,
            "location_name": "엘리 대성당(Ely Cathedral)",
            "latitude": "52.398828",
            "longitude": "0.263908",
            "location_country": "잉글랜드",
            "youtube_url": "https://www.youtube.com/embed/2z0kvlTxsEE",
            "location_photo_url": "https://deih43ym53wif.cloudfront.net/large_cathedral-gallery-street-ely-england-shutterstock_650224558.jpg_b3b4bee2ed.jpg",
            "location_description": "《킹스 스피치》는 영국 역사상 가장 위대한 연설을 준비하는 왕의 이야기를 그린 감동적인 역사 드라마 영화입니다. 이 작품에서는 엘리 대성당에서 중요한 장면이 촬영되었습니다. 엘리 대성당은 영국의 런던에 위치한 아름다운 고고한 성당으로, 그 귀족적인 건축물과 웅장한 분위기는 영화 속 주인공의 감정과 위대한 연설의 중요성을 한층 더욱 감미롭게 전달합니다. 이 영화를 통해 엘리 대성당이 왕의 자신감과 인간적 성장을 위한 결정적인 장소로서 어떤 역할을 하는지 직접 체험해보세요. 그 웅장함과 숭고함이 관객들에게 감동과 용기를 안겨줄 것입니다.",
            "created_at": null,
            "updated_at": null,
            "user": 1
        }
    },
    {
        "model": "fillow.movielocation",
        "pk": 10,
        "fields": {
            "tmdb_id": 82695,
            "location_name": "풀테니 다리(Pulteney Bridge)",
            "latitude": "51.383109",
            "longitude": "-2.357965",
            "location_country": "영국",
            "youtube_url": "https://www.youtube.com/embed/IsZdfna1LKA",
            "location_photo_url": "https://deih43ym53wif.cloudfront.net/large_gourdon-france-shutterstock_469169213_40dda9bd18.jpeg",
            "location_description": "《레미제라블》은 프랑스 혁명 시대의 사랑과 용기를 그린 뮤지컬 드라마 영화입니다. 이 작품에서는 중요한 장면이 풀테니 다리에서 촬영되었습니다. 풀테니 다리는 프랑스 파리에 위치한 아름다운 다리로, 그 아치 모양과 세련된 분위기는 영화 속 인물들의 열정과 사랑을 한층 더욱 감미롭게 전달합니다. 이 영화를 통해 풀테니 다리가 인간의 희망과 혁명의 상징으로서 어떤 역할을 하는지 직접 체험해보세요. 그 아름다운 다리 위에서 펼쳐지는 드라마틱한 순간들은 관객들에게 감동과 용기를 안겨줄 것입니다.",
            "created_at": null,
            "updated_at": null,
            "user": 1
        }
    },
    {
        "model": "fillow.movielocation",
        "pk": 11,
        "fields": {
            "tmdb_id": 947,
            "location_name": "와디 럼(Wadi Rum)",
            "latitude": "29.572313",
            "longitude": "35.421039",
            "location_country": "요르단",
            "youtube_url": "https://www.youtube.com/embed/aARaYjgm_rA",
            "location_photo_url": "https://deih43ym53wif.cloudfront.net/large_wadi-rum-desert-rocks-jordan-shutterstock_1168759300_440814bbf8.jpeg",
            "location_description": "《아라비아의 로렌스》는 역사적인 모험과 용감한 영웅의 이야기를 그린 대작 역사 드라마 영화입니다. 이 작품에서는 중요한 장면이 와디 럼에서 촬영되었습니다. 와디 럼은 사막의 보석으로 알려진 사우디아라비아의 아름다운 사막 지역으로, 그 광활하고 고요한 풍경은 영화 속 주인공의 모험과 도전을 한층 더욱 장엄하게 표현해줍니다. 이 영화를 통해 와디 럼이 영웅의 자아실현과 사막의 열정을 가진 이야기의 배경지로서 어떤 역할을 하는지 직접 체험해보세요. 그 넓은 사막과 끝없는 험난함이 관객들에게 감동과 용기를 전달할 것입니다.",
            "created_at": null,
            "updated_at": null,
            "user": 1
        }
    },
    {
        "model": "fillow.movielocation",
        "pk": 12,
        "fields": {
            "tmdb_id": 438631,
            "location_name": "와디 럼(Wadi Rum)",
            "latitude": "29.572313",
            "longitude": "35.421039",
            "location_country": "요르단",
            "youtube_url": "https://www.youtube.com/embed/26bgYpJOqcw",
            "location_photo_url": "https://deih43ym53wif.cloudfront.net/large_wadi-rum-desert-rocks-jordan-shutterstock_1168759300_440814bbf8.jpeg",
            "location_description": "SF 영화 《듄》은 신비로운 행성 아라키스를 배경으로 펼쳐지는 이야기를 담고 있습니다. 이 영화는 멋진 풍경과 황량한 사막으로 유명한 요르단의 와디 럼에서 실제로 촬영되었습니다. 와디 럼은 그 특이한 지형과 적막한 분위기로 인해 고대 행성의 느낌을 그대로 전달해줍니다. 이곳에서 촬영된 영화는 아름다운 사막 장면과 강렬한 액션을 통해 관객들에게 몰입감을 선사합니다. 《듄》은 그림 같은 외모와 함께 정신적인 경험을 선사하는 작품으로, 영화를 통해 와디 럼의 아름다움을 직접 느껴보세요.",
            "created_at": null,
            "updated_at": null,
            "user": 1
        }
    },
    {
        "model": "fillow.movielocation",
        "pk": 13,
        "fields": {
            "tmdb_id": 286217,
            "location_name": "와디 럼(Wadi Rum)",
            "latitude": "29.572313",
            "longitude": "35.421039",
            "location_country": "요르단",
            "youtube_url": "https://www.youtube.com/embed/k2Sb7tlMDNs",
            "location_photo_url": "https://images.chosun.com/resizer/6OyWhHFPphwDFsZ04jYPZfIuftc=/961x641/smart/cloudfront-ap-northeast-1.images.arcpublishing.com/chosun/2QDN2DQOXPO4CZXMINT7HB3QLA.jpg",
            "location_description": "《마션》은 황량한 환경에서의 생존과 인간의 용기를 그린 과학적인 모험 드라마 영화입니다. 이 작품에서는 중요한 장면이 와디 럼에서 촬영되었습니다. 와디 럼은 사우디아라비아의 사막 속에 위치한 아름다운 사막 지역으로, 그 광활한 풍경과 황량한 분위기는 영화 속 주인공의 고립과 절망, 그리고 끈질긴 생존을 한층 더욱 강조해줍니다. 이 영화를 통해 와디 럼이 우주 탐사의 도전적인 배경지로서 어떤 역할을 하는지 직접 체험해보세요. 그 환상적인 사막과 거대한 위험 속에서 벌어지는 이야기는 관객들에게 놀라움과 긴장감을 선사할 것입니다.",
            "created_at": null,
            "updated_at": null,
            "user": 1
        }
    },
    {
        "model": "fillow.movielocation",
        "pk": 14,
        "fields": {
            "tmdb_id": 238,
            "location_name": "사보카(Savoca)",
            "latitude": "37.953479",
            "longitude": "15.340159",
            "location_country": "이탈리아",
            "youtube_url": "https://www.youtube.com/embed/PAgB3qxvRkU",
            "location_photo_url": "https://deih43ym53wif.cloudfront.net/large_village-savoca-sicily-italy-town-shutterstock_1034570422.jpg_dcb331d4c9.jpg",
            "location_description": "《대부》는 마피아와 가족의 이야기를 그린 전설적인 범죄 드라마 영화입니다. 이 작품에서는 중요한 장면이 사보카에서 촬영되었습니다. 사보카는 이탈리아 시칠리아에 위치한 아름다운 도시로, 그 도시의 건축물과 문화적인 분위기는 영화 속 주인공의 권력과 복잡한 관계를 한층 더욱 강조해줍니다. 이 영화를 통해 사보카가 마피아의 세력과 가족의 유대를 형성하는 장소로서 어떤 역할을 하는지 직접 체험해보세요. 그 역동적인 도시의 풍경과 강렬한 분위기는 관객들에게 긴장감과 잠재력을 불어넣을 것입니다.",
            "created_at": null,
            "updated_at": null,
            "user": 1
        }
    },
    {
        "model": "fillow.movielocation",
        "pk": 15,
        "fields": {
            "tmdb_id": 49026,
            "location_name": "메랑가르 포트(Mehrangarh Fort)",
            "latitude": "26.299703",
            "longitude": "73.019492",
            "location_country": "인도",
            "youtube_url": "https://www.youtube.com/embed/LdrZeSewhB0",
            "location_photo_url": "https://remotetraveler.com/wp-content/uploads/2014/10/Mehrangarh-Fort-Jodhpur3.jpg",
            "location_description": "《다크 나이트 라이즈》는 어둠 속에서 펼쳐지는 영웅의 귀환을 그린 액션 스릴러 영화입니다. 이 작품에서는 중요한 장면이 메랑가르 포르에서 촬영되었습니다. 메랑가르 포르는 몽골의 수도인 울란바토르에 위치한 고요하고 아름다운 영화 속 도시입니다. 그 도시의 고대적인 건축물과 독특한 분위기는 영화 속 주인공의 모험과 잔혹한 싸움을 한층 더욱 감미롭게 표현해줍니다. 이 영화를 통해 메랑가르 포르가 어둠과 빛의 대립 속에서 어떤 역할을 하는지 직접 체험해보세요. 그 도시의 세계관과 절묘한 액션은 관객들에게 긴장감과 전율을 선사할 것입니다.",
            "created_at": null,
            "updated_at": null,
            "user": 1
        }
    },
    {
        "model": "fillow.movielocation",
        "pk": 16,
        "fields": {
            "tmdb_id": 15121,
            "location_name": "잘츠부르크(Salzburg)",
            "latitude": "47.803153",
            "longitude": "13.029641",
            "location_country": "오스트리아",
            "youtube_url": "https://www.youtube.com/embed/FCMpDdTvbU8",
            "location_photo_url": "https://deih43ym53wif.cloudfront.net/large_schloss-leopoldskron-hohensalzburg-fortress-salzburg-austria-shutterstock_302382239_1adb76b051.jpeg",
            "location_description": "《사운드 오브 뮤직》은 음악과 사랑의 아름다운 이야기를 그린 뮤지컬 드라마 영화입니다. 이 작품에서는 중요한 장면이 잘츠부르크에서 촬영되었습니다. 잘츠부르크는 오스트리아의 아름다운 도시로, 그 도시의 역사적인 건축물과 아름다운 자연 경관은 영화 속 주인공들의 음악적인 여정과 성장을 한층 더욱 아름답게 표현해줍니다. 이 영화를 통해 잘츠부르크가 음악과 로맨스의 도시로서 어떤 역할을 하는지 직접 체험해보세요. 그 도시의 매력과 환상적인 분위기는 관객들에게 감동과 희망을 전달할 것입니다.",
            "created_at": null,
            "updated_at": null,
            "user": 1
        }
    },
    {
        "model": "fillow.movielocation",
        "pk": 17,
        "fields": {
            "tmdb_id": 19995,
            "location_name": "장가계 국가삼림공원(Zhangjiajie)",
            "latitude": "29.315473",
            "longitude": "110.434724",
            "location_country": "중국",
            "youtube_url": "https://www.youtube.com/embed/wCnxJOhZmC4",
            "location_photo_url": "https://deih43ym53wif.cloudfront.net/large_maui-hawaii-usa-shutterstock_368857958_9d74926b43.jpeg",
            "location_description": "《아바타》는 환경 보호와 인간의 연결을 그린 판타지 액션 영화로, 이 작품에서는 중요한 장면이 장가계 국가삼림공원에서 촬영되었습니다. 장가계 국가삼림공원은 중국 광둥성에 위치한 아름다운 자연 보호지역으로, 그 신비로운 숲과 다양한 생태계는 영화 속 판타지 세계를 한층 더욱 아름답게 표현해줍니다. 이 영화를 통해 장가계 국가삼림공원이 자연의 아름다움과 인간의 조화로운 공존을 어떻게 보여주는지 직접 체험해보세요. 그 자연의 신비와 존재감은 관객들에게 경이로움과 영감을 전달할 것입니다.",
            "created_at": null,
            "updated_at": null,
            "user": 1
        }
    },
    {
        "model": "fillow.movielocation",
        "pk": 18,
        "fields": {
            "tmdb_id": 429,
            "location_name": "타베르나스 사막(Tabernas Desert)",
            "latitude": "37.081163",
            "longitude": "-2.519226",
            "location_country": "스페인",
            "youtube_url": "https://www.youtube.com/embed/aJCSNIl2Pls",
            "location_photo_url": "https://deih43ym53wif.cloudfront.net/large_tabernas-spain-shutterstock_113335786_5c59c705b9.jpeg",
            "location_description": "《석양의 무법자》는 서부 영화의 클래식으로, 황량한 사막 속에서 벌어지는 복수와 모험의 이야기를 그린 작품입니다. 이 작품에서는 중요한 장면이 타베르나스 사막에서 촬영되었습니다. 타베르나스 사막은 멕시코의 아리조나 주에 위치한 광활하고 가혹한 사막으로, 그 사막의 건조하고 절망적인 분위기는 영화 속 주인공의 외로움과 결사적인 여정을 한층 더욱 강조해줍니다. 이 영화를 통해 타베르나스 사막이 서부 영화의 상징적인 배경지로서 어떤 역할을 하는지 직접 체험해보세요. 그 사막의 거대함과 비정형적인 아름다움은 관객들에게 감탄과 전율을 선사할 것입니다.",
            "created_at": null,
            "updated_at": null,
            "user": 1
        }
    },
    {
        "model": "fillow.movielocation",
        "pk": 19,
        "fields": {
            "tmdb_id": 11631,
            "location_name": "스키아토스 섬(Skiathos)",
            "latitude": "39.172846",
            "longitude": "23.450870",
            "location_country": "그리스",
            "youtube_url": "https://www.youtube.com/embed/05qid4p_cfw",
            "location_photo_url": "http://db.kookje.co.kr/news2000/photo/2022/1013/L20221013.22013003052i1.jpg",
            "location_description": "《맘마미아》는 아블리빙의 히트 곡을 바탕으로 한 매력적인 뮤지컬 영화로, 이 작품에서는 중요한 장면이 그리스의 스키아토스에서 촬영되었습니다. 스키아토스는 그리스의 작은 섬으로, 화려한 해변과 푸른 바다로 유명한 관광지입니다. 영화 속 주인공들의 환상적인 노래와 춤은 이 작은 섬을 더욱 활기찬 분위기로 가득 채워줍니다. 이 영화를 통해 스키아토스가 사랑과 음악의 섬으로서 어떤 역할을 하는지 직접 체험해보세요. 그 섬의 아름다움과 유럽풍 풍경은 관객들에게 환상적인 여행을 선사할 것입니다.",
            "created_at": null,
            "updated_at": null,
            "user": 1
        }
    },
    {
        "model": "fillow.movielocation",
        "pk": 20,
        "fields": {
            "tmdb_id": 11,
            "location_name": "호텔 시디 드리스(Hotel Sidi Driss)",
            "latitude": "33.542804",
            "longitude": "9.967367",
            "location_country": "튀니지",
            "youtube_url": "https://www.youtube.com/embed/0YiirWsRlQ8",
            "location_photo_url": "https://deih43ym53wif.cloudfront.net/large_troglodyte-homes-berber-caves-sidi-driss-matmata-tunisia-shutterstock_1188077329_4f4aac782d.jpeg",
            "location_description": "《스타워즈 에피소드 4: 새로운 희망》은 전설적인 스타워즈 시리즈의 첫 번째 작품으로, 화려한 우주 모험과 영웅들의 전투를 그린 공상과학 소설 영화입니다. 이 작품에서는 중요한 장면이 행성 시디 드리스에서 촬영되었습니다. 시디 드리스는 튀니지에 위치한 사막 지역으로, 그 황량하고 외골수한 분위기는 영화 속 외계 행성의 신비로움과 전투의 치열함을 한층 더욱 강조해줍니다. 이 영화를 통해 시디 드리스가 스타워즈 우주 세계에서 어떤 역할을 하는지 직접 체험해보세요. 그 곳의 독특한 풍경과 황홀한 분위기는 관객들에게 무한한 상상력과 흥분을 선사할 것입니다.",
            "created_at": null,
            "updated_at": null,
            "user": 1
        }
    },
    {
        "model": "fillow.movielocation",
        "pk": 21,
        "fields": {
            "tmdb_id": 68734,
            "location_name": "그랜드 바자르(Grand Bazaar)",
            "latitude": "41.010879",
            "longitude": "28.968057",
            "location_country": "터키",
            "youtube_url": "https://www.youtube.com/embed/t2NytKIhd68",
            "location_photo_url": "https://deih43ym53wif.cloudfront.net/large_grand-bazaar-istanbul-turkey-shutterstock_507137884_9ba852fb77.jpeg",
            "location_description": "《아르고》는 실제 이야기를 바탕으로 한 스릴러 영화로, 이 작품에서는 중요한 장면이 터키의 이스탄불에 위치한 그랜드 바자르에서 촬영되었습니다. 이스탄불의 그랜드 바자르는 세계에서 가장 큰 커버드 마켓으로, 그 화려하고 혼잡한 분위기는 영화 속 주인공들의 긴박한 상황을 한층 더욱 재현합니다. 이 영화를 통해 그랜드 바자르가 동양의 문화적 특성과 아름다움을 담은 배경으로 어떤 역할을 하는지 직접 체험해보세요. 그 곳의 다양한 상점, 화려한 장식 및 독특한 분위기는 관객들에게 탐험의 재미와 긴장감을 선사할 것입니다.",
            "created_at": null,
            "updated_at": null,
            "user": 1
        }
    },
    {
        "model": "fillow.movielocation",
        "pk": 22,
        "fields": {
            "tmdb_id": 37724,
            "location_name": "글렌코(Glencoe)",
            "latitude": "56.682053",
            "longitude": "-5.106879",
            "location_country": "스코틀랜드",
            "youtube_url": "https://www.youtube.com/embed/tbtdUOmAPbo",
            "location_photo_url": "https://www.whiskey-lore.com/travelfuelslife/images/blog-images/2019-Scotland/glencoe-04-skyfall-james-bond.jpg",
            "location_description": "《007 스카이폴》은 전설적인 스파이 액션 시리즈의 일환으로, 이 작품에서는 중요한 장면이 스코틀랜드의 글렌코에서 촬영되었습니다. 글렌코는 아름다운 자연 경관으로 유명한 곳으로, 그 푸른 산과 깊은 골짜기는 영화 속 액션과 스릴을 한층 더욱 강조해줍니다. 이 영화를 통해 글렌코가 스타일리시한 스파이 액션의 배경으로 어떤 역할을 하는지 직접 체험해보세요. 그 곳의 웅장한 풍경과 자연의 아름다움은 관객들에게 더욱더 흥분과 몰입을 선사할 것입니다.",
            "created_at": null,
            "updated_at": null,
            "user": 1
        }
    },
    {
        "model": "fillow.movielocation",
        "pk": 23,
        "fields": {
            "tmdb_id": 13,
            "location_name": "치페와 광장(Chippewah Square, Georgia)",
            "latitude": "32.076020",
            "longitude": "-81.093255",
            "location_country": "미국",
            "youtube_url": "https://www.youtube.com/embed/7IIBp1HQlWQ",
            "location_photo_url": "https://deih43ym53wif.cloudfront.net/large_chippewa-square-savannah-georgia-usa-shutterstock_1336590938_955adacaf8.jpeg",
            "location_description": "《포레스트 검프》는 감동적인 이야기를 그린 영화로, 이 작품에서는 중요한 장면이 미국 조지아 주 사바나에 위치한 치페와 광장에서 촬영되었습니다. 조지아 사바나의 치페와 광장은 아름다운 풍경과 유서 깊은 건축물로 유명한 곳으로, 영화 속 주인공이 자연과 도시의 조화 속에서 펼치는 이야기를 돋보이게 합니다. 이 영화를 통해 조지아 사바나의 치페와 광장이 영화의 분위기와 감동을 한층 더 풍성하게 만들어줍니다. 그곳의 역사적인 매력과 아름다움은 관객들에게 사랑과 성장의 메시지를 전해줄 것입니다.",
            "created_at": null,
            "updated_at": null,
            "user": 1
        }
    },
    {
        "model": "fillow.movielocation",
        "pk": 24,
        "fields": {
            "tmdb_id": 38356,
            "location_name": "케네디 우주센터(Kennedy Space Center)",
            "latitude": "28.572859",
            "longitude": "-80.649185",
            "location_country": "미국 ",
            "youtube_url": "https://www.youtube.com/embed/cvhKJiZ4omc",
            "location_photo_url": "https://www.latlong.net/photos/transformers-dark-of-the-moon.jpg",
            "location_description": "《트랜스포머3》은 스크린을 통해 놀라운 전투와 역동적인 액션을 선사하는 대표적인 시리즈입니다. 이 작품은 실제로 미국 텍사스에 위치한 케네디 우주센터에서 몇 가지 장면이 촬영되었습니다. 케네디 우주센터는 인류 역사상 가장 중요한 우주 비행 사건의 발생지로, 그 역사적인 의미와 규모로 유명합니다. 영화에서 이곳에서 펼쳐지는 장면은 굉장한 스케일과 효과를 통해 관객들에게 환상적인 시각적 경험을 선사합니다. 케네디 우주센터는 영화 속에서 강렬한 분위기와 역동성을 제공하며, 관객들을 홀릴 만한 체험으로 이끌어줍니다. 《트랜스포머3》을 통해 케네디 우주센터의 위엄과 역사를 직접 체험해보세요.",
            "created_at": null,
            "updated_at": null,
            "user": 1
        }
    },
    {
        "model": "fillow.movielocation",
        "pk": 25,
        "fields": {
            "tmdb_id": 13448,
            "location_name": "콰트로 피우미 분수(the Fountain of the Four Rivers)",
            "latitude": "41.899102",
            "longitude": "12.473159",
            "location_country": "이탈리아",
            "youtube_url": "https://www.youtube.com/embed/Pw0CzPQdaE4",
            "location_photo_url": "https://media.istockphoto.com/id/1147741422/photo/rome-italy-fountain-of-the-four-rivers-on-piazza-navona.jpg?s=612x612&w=0&k=20&c=t134Ntq-G_k2BFjtyeYI-1aEae7OjLMLMxvyJPpanXY=",
            "location_description": "《천사와 악마》는 미스터리와 첩보 속에서 벌어지는 긴박한 이야기를 담은 영화입니다. 이 작품의 몇 가지 장면은 로마의 피아자 나보나에 위치한 네 개의 강 분수인 콰트로 피우미 분수 앞에서 촬영되었습니다. 콰트로 피우미 분수는 로마의 아름다운 랜드마크로, 물이 흐르는 분수와 화려한 조각상이 인상적입니다. 영화에서 이곳에서 펼쳐지는 장면은 역동적이고 긴장감 넘치는 분위기를 전달하며, 로마의 아름다움과 역사적인 매력을 동시에 느낄 수 있습니다. 《천사와 악마》는 장소의 신비와 분위기를 최대한 활용하여 관객들을 마법같은 여정으로 초대합니다.",
            "created_at": null,
            "updated_at": null,
            "user": 1
        }
    },
    {
        "model": "fillow.movielocation",
        "pk": 26,
        "fields": {
            "tmdb_id": 72190,
            "location_name": "조지 광장(George Square in Glasgow)",
            "latitude": "55.860876",
            "longitude": "-4.250341",
            "location_country": "스코틀랜드",
            "youtube_url": "https://www.youtube.com/embed/e9ys-ArvLmk",
            "location_photo_url": "https://i0.wp.com/globalfilmlocations.net/wp-content/uploads/2021/01/philadelphia2.png?resize=708%2C373&ssl=1",
            "location_description": "《월드워Z》는 좀비로 인해 세상이 위기에 처한 상황에서 주인공이 사태를 해결하기 위해 모험을 떠나는 스릴 넘치는 액션 영화입니다. 이 작품은 미국 필라델피아에서 몇 가지 장면이 촬영되었습니다. 필라델피아는 그 아름다운 도심과 유서 깊은 건축물로 유명하며, 영화 속에서 이곳에서 전개되는 장면들은 도시의 긴장감과 치열한 전투를 생생하게 그려냅니다. 필라델피아의 거리와 건물은 영화의 분위기와 장소의 신비함을 완벽하게 반영하며, 관객들을 더욱 몰입시킵니다. 《월드워Z》를 통해 필라델피아의 매력과 고난한 사태에 맞서 싸우는 영웅의 모습을 경험해보세요.",
            "created_at": null,
            "updated_at": null,
            "user": 1
        }
    },
    {
        "model": "fillow.movielocation",
        "pk": 27,
        "fields": {
            "tmdb_id": 99861,
            "location_name": "MBC 본사(MBC Broadcasting Station Building)",
            "latitude": "37.581217",
            "longitude": "126.891014",
            "location_country": "한국",
            "youtube_url": "https://www.youtube.com/embed/cg1rtWXHSKU",
            "location_photo_url": "https://mediahub.seoul.go.kr/wp-content/uploads/editor/images/000414/%E1%84%89%E1%85%A1%E1%86%BC%E1%84%8B%E1%85%A1%E1%86%B7_DMC_mbc_%E1%84%91%E1%85%B3%E1%84%85%E1%85%A1%E1%84%8C%E1%85%A1%E1%84%86%E1%85%A9%E1%86%AF-2.jpg",
            "location_description": "《어벤져스: 에이지 오브 울트론》은 화려한 액션과 스펙터클한 시각 효과로 유명한 영화입니다. 이 작품에서는 한국의 명실상부한 미디어 기관인 MBC 문화방송 본사가 촬영지로 사용되었습니다. MBC 본사는 한류 드라마와 예능 프로그램으로 유명한 곳으로, 영화 속에서는 특별한 장면과 흥미로운 스토리가 펼쳐집니다. MBC 본사의 현대적인 건물과 기술적인 면모는 영화의 분위기와 조화를 이루며, 관객들에게 새로운 시각적 경험을 선사합니다. 이 영화는 MBC 문화방송 본사의 멋진 모습과 함께 감동적인 스토리를 전달할 것입니다.",
            "created_at": null,
            "updated_at": null,
            "user": 1
        }
    },
    {
        "model": "fillow.movielocation",
        "pk": 28,
        "fields": {
            "tmdb_id": 98,
            "location_name": "아이트 벤 하도우(Ait Ben Haddou)",
            "latitude": "31.047141",
            "longitude": "-7.132080",
            "location_country": "모로코",
            "youtube_url": "https://www.youtube.com/embed/QyCADHc1LMY",
            "location_photo_url": "https://deih43ym53wif.cloudfront.net/large_ait-ben-haddou-shutterstock_400558897_137fd2b5c6.jpeg",
            "location_description": "《글래디에이터》는 역사적인 배경과 장대한 스케일로 유명한 영화입니다. 이 작품에서는 모든 장면이 현실적으로 재현되어야 했고, 그 중 일부는 모로코의 아이트 벤 하도우에서 촬영되었습니다. 아이트 벤 하도우는 황량하고 아름다운 사막 풍경으로 유명한 지역으로, 영화 속에서는 전투 장면과 장엄한 풍경이 함께 펼쳐집니다. 이 촬영지는 영화의 분위기와 설정에 완벽하게 어울리며, 관객들에게 몰입감과 놀라움을 선사합니다. 이 작품은 아이트 벤 하도우의 환상적인 배경과 강렬한 액션으로 극적인 이야기를 전달합니다.",
            "created_at": null,
            "updated_at": null,
            "user": 1
        }
    },
    {
        "model": "fillow.movielocation",
        "pk": 29,
        "fields": {
            "tmdb_id": 284054,
            "location_name": "부산 자갈치 시장(Jagalchi Market)",
            "latitude": "35.096620",
            "longitude": "129.030459",
            "location_country": "한국",
            "youtube_url": "https://www.youtube.com/embed/JjE9NnBC6v8",
            "location_photo_url": "https://www.lavalsehotel.co.kr/storage/app/public/lavalse/contents/documents/ko/948fbc16-9597-45db-887e-87dc7b5ef0ac/79/e0/20190920093956c4b8b75de4cab784634cc194c73148c4cf62e11c.jpg",
            "location_description": "《블랙 팬서》는 대담하고 혁신적인 스토리와 아프리칸 팬더의 왕국 '와칸다'를 배경으로 한 마블 시네마틱 유니버스의 인기 영화입니다. 그 중 일부 장면은 한국의 부산 자갈치 시장에서 촬영되었습니다. 부산 자갈치 시장은 그 독특한 분위기와 활기로운 모습으로 유명한 장소로, 영화 속에서는 블랙 팬서와 그의 동료들이 액션과 모험을 펼치는 장면이 펼쳐집니다. 이 촬영지는 영화에 독특한 분위기와 현실적인 감각을 더해주며, 관객들에게 완전한 몰입을 선사합니다. 이 작품은 부산 자갈치 시장의 다채로운 풍경과 흥미진진한 스토리로 전 세계를 사로잡았습니다.",
            "created_at": null,
            "updated_at": null,
            "user": 1
        }
    },
    {
        "model": "fillow.movielocation",
        "pk": 30,
        "fields": {
            "tmdb_id": 671,
            "location_name": "옥스퍼드대 크라이스트 처치(Christ Church, Oxford University)",
            "latitude": "51.749993",
            "longitude": "-1.255802",
            "location_country": "영국",
            "youtube_url": "https://www.youtube.com/embed/z4K2F_OALPQ",
            "location_photo_url": "https://deih43ym53wif.cloudfront.net/large_christ-church-college-oxford-university-uk-shutterstock_125772101_5af725a072.jpeg",
            "location_description": "《해리 포터와 마법사의 돌》은 J.K. 롤링의 인기 소설을 바탕으로 한 마법과 모험의 판타지 영화입니다. 영화의 일부 장면은 영국의 유명한 대학 도시인 크라이스트 처치에서 촬영되었습니다. 크라이스트 처치는 그 아름다운 중세 건축물과 역사적인 거리로 유명하며, 영화 속 해리 포터의 모험을 위해 마법의 세계가 재현되었습니다. 이 촬영지는 영화에 독특한 분위기와 매력을 더하며, 관객들에게 현실에서 마법이 펼쳐진 듯한 경험을 선사합니다. 해리 포터와 그의 친구들이 마법사 학교 호그와트로 향하는 모험의 시작, 그리고 그들이 마법과 어둠의 힘과 맞서 싸우는 여정은 관객들에게 잊지 못할 추억을 선사합니다.",
            "created_at": null,
            "updated_at": null,
            "user": 1
        }
    },
    {
        "model": "fillow.movielocation",
        "pk": 31,
        "fields": {
            "tmdb_id": 76341,
            "location_name": "나미브 사막(Namib Desert)",
            "latitude": "-23.510523",
            "longitude": "15.383389",
            "location_country": "나미비아",
            "youtube_url": "https://www.youtube.com/embed/UtjGTrVwRr4",
            "location_photo_url": "https://img.delicious.com.au/W2GZiHqF/del/2019/12/mad-max-fury-road-namib-desert-namibia-121574-2.jpg",
            "location_description": "《매드 맥스: 분노의 도로》는 황량하고 폭발적인 액션으로 유명한 영화입니다. 이 영화의 촬영지 중 하나는 아프리카 대륙의 아름다운 나미브 사막입니다. 나미브 사막은 그 황량하고 광활한 풍경으로 알려져 있으며, 영화 속 매드 맥스의 거친 모험과 레이싱 장면이 펼쳐집니다. 사막의 황량한 모습은 영화에 독특한 분위기를 부여하며, 극적인 액션과 차 추격 장면이 돋보이게 합니다. 관객들은 매드 맥스가 사막을 배경으로 한 무자비한 생존 게임에 휘말리며, 그의 전투와 도전에 몰입할 수 있습니다. 이 영화는 시각적인 효과와 역동적인 액션으로 흥미를 자아내며, 영화 속 나미브 사막은 청중들에게 환상적인 모험을 선사합니다.",
            "created_at": null,
            "updated_at": null,
            "user": 1
        }
    },
    {
        "model": "fillow.movielocation",
        "pk": 32,
        "fields": {
            "tmdb_id": 22,
            "location_name": "왈라라부 만(Wallilabou Bay)",
            "latitude": "13.246988",
            "longitude": "-61.273929",
            "location_country": "세인트빈센트 그레나딘",
            "youtube_url": "https://www.youtube.com/embed/xyWjlZdu8PU",
            "location_photo_url": "https://img.delicious.com.au/2deftDEN/del/2019/12/pirates-of-the-caribbean-st-vincent-and-dominica-121595-2.jpg",
            "location_description": "《캐리비안의 해적: 블랙펄의 저주》는 매력적인 해적 이야기로 전 세계에서 사랑받는 시리즈 중 하나입니다. 이 영화의 촬영지 중 하나는 아름다운 왈라라부 만입니다. 왈라라부 만은 그 푸른 바다와 특별한 야외 세트로 유명한 곳으로, 영화 속 해적들의 모험과 액션 장면이 이곳에서 펼쳐집니다. 왈라라부 만은 그 특유의 아름다움과 독특한 분위기로 관광객들에게 인기를 끌고 있습니다. 영화를 보는 관객들은 왈라라부 만의 환상적인 풍경과 영화 속 해적들의 모험을 함께 경험할 수 있습니다. 이 작품은 섬세한 연출과 스릴 넘치는 전투 장면으로 관객들을 매료시키며, 왈라라부 만의 아름다움은 영화에 더욱 특별한 매력을 더합니다.",
            "created_at": null,
            "updated_at": null,
            "user": 1
        }
    },
    {
        "model": "fillow.movielocation",
        "pk": 33,
        "fields": {
            "tmdb_id": 68718,
            "location_name": "멜로디 무비 랜치(Melody Ranch)",
            "latitude": "34.383620",
            "longitude": "-118.510315",
            "location_country": "미국",
            "youtube_url": "https://www.youtube.com/embed/t1beG9Y6I9c",
            "location_photo_url": "https://img.delicious.com.au/qQxZudRy/del/2019/12/django-unchained-melody-ranch-santa-clarita-california-121555-2.jpg",
            "location_description": "《장고: 분노의 추적자》는 퀘타티노 감독의 현대적인 웨스턴 영화로, 독특한 스토리와 폭발적인 액션으로 관객들을 매료시킵니다. 이 영화의 촬영지 중 하나는 멜로디 무비 랜치입니다. 멜로디 무비 랜치는 황량하고 멋진 사막 풍경으로 유명한 장소로, 영화 속 주인공들의 모험과 복수의 여정이 펼쳐집니다. 이 곳은 촬영 크루와 배우들에게 넓은 공간과 매력적인 배경을 제공하며, 영화의 분위기와 스토리에 완벽하게 어울립니다. 관객들은 멜로디 무비 랜치의 아름다운 사막 풍경과 영화 속 장면들을 함께 체험할 수 있습니다. 이 작품은 퀘타티노 감독의 독특한 감각과 뛰어난 연출로 관객들에게 잊지 못할 경험을 선사합니다.",
            "created_at": null,
            "updated_at": null,
            "user": 1
        }
    },
    {
        "model": "fillow.movielocation",
        "pk": 34,
        "fields": {
            "tmdb_id": 402900,
            "location_name": "메트로폴리탄 미술관(The Met, NYC)",
            "latitude": "40.779945",
            "longitude": "-73.963174",
            "location_country": "미국",
            "youtube_url": "https://www.youtube.com/embed/SaipGVydhzg",
            "location_photo_url": "https://img.delicious.com.au/wc5W-zPR/del/2019/12/oceanys-8-the-met-nyc-121611-2.jpg",
            "location_description": "《오션스 8》는 스티븐 소더버그 감독의 멋진 범죄 코미디 영화로, 여성들의 탁월한 연기와 궁극적인 강도를 선보입니다. 이 영화의 촬영지 중 하나는 메트로폴리탄 미술관입니다. 메트로폴리탄 미술관은 세계적으로 유명한 예술과 문화의 보고이자 뉴욕의 상징적인 장소로 알려져 있습니다. 영화 속 주인공들은 이 아름다운 미술관에서 정교한 계획을 세우고 대담한 도둑질을 시도합니다. 메트로폴리탄 미술관은 화려하고 우아한 분위기와 함께 영화에 독특한 매력을 더합니다. 관객들은 이 곳에서 예술과 범죄가 만나는 환상적인 이야기를 즐길 수 있습니다.《오션스 8》는 재치 있는 대사와 놀라운 플롯으로 관객들을 매료시키며, 메트로폴리탄 미술관은 그 이야기의 흥미 진진한 배경을 제공합니다.",
            "created_at": null,
            "updated_at": null,
            "user": 1
        }
    },
    {
        "model": "fillow.movielocation",
        "pk": 35,
        "fields": {
            "tmdb_id": 916,
            "location_name": "필버트 가 893(893 Filbert St.)",
            "latitude": "39.952726",
            "longitude": "-75.154823",
            "location_country": "미국",
            "youtube_url": "https://www.youtube.com/embed/FJZ-BHBKyos",
            "location_photo_url": "https://eder6ypjvgv.exactdn.com/wp-content/uploads/2022/06/FilbertStreetAndGrantAvenueLookingTowardsCoitTowerAndGarfieldElementarySchool.jpeg?strip=all&lossy=1&resize=1280%2C650&ssl=1",
            "location_description": "《블리트》는 미국의 긴장감 넘치는 범죄 액션 영화로, 흥미진진한 스토리와 역동적인 액션으로 관객들을 사로잡습니다. 이 영화의 촬영지 중 하나는 필버트 가 893입니다. 필라델피아는 미국의 동부에 위치한 도시로, 다양한 문화와 역사적인 유산이 어우러진 곳으로 유명합니다. 영화 속 주인공들은 이 거리에서 표류된 존재로서 복수와 위험에 맞서 싸우며, 폭발적인 액션과 긴장감 넘치는 이야기를 전개합니다. 필버트 가 893은 필라델피아의 도시적인 분위기와 거리의 활기로운 모습을 담고 있어 영화에 생동감과 현실성을 더합니다. 이곳은 관객들에게 다이내믹한 액션과 흥미진진한 이야기를 경험시켜줄 것입니다.《블리트》는 범죄와 복수에 관한 이야기로, 필버트 가 893의 필라델피아는 그 이야기를 풍부하게 장식합니다.",
            "created_at": null,
            "updated_at": null,
            "user": 1
        }
    },
    {
        "model": "fillow.movielocation",
        "pk": 36,
        "fields": {
            "tmdb_id": 771,
            "location_name": "위네트카 링컨 애비뉴 671(671 Lincoln Ave Winnetka IL 60093)",
            "latitude": "42.110133",
            "longitude": "-87.733543",
            "location_country": "미국",
            "youtube_url": "https://www.youtube.com/embed/YejRBZVd6Ao",
            "location_photo_url": "https://www.explore.com/img/gallery/51-movie-locations-you-can-actually-visit/the-mccallister-home-home-alone-winnetka-illinois-1667490250.webp",
            "location_description": "《나 홀로 집에》는 전 세계적으로 사랑받는 가족 코미디 영화로, 유쾌하고 따뜻한 이야기로 많은 사람들의 마음을 사로잡았습니다. 이 영화의 촬영지 중 하나는 위네트카 링컨 애비뉴 671입니다. 이 주소는 미국 일리노이 주 시카고에 위치한 아름다운 주택입니다. 영화 속 주인공인 케빈은 이 집에서 홀로 남겨져 가족의 부재를 견디며 재미있고 독특한 모험을 시작합니다. 위네트카 링컨 애비뉴 671은 화려하고 풍부한 인테리어로 장식되어 있어 영화에 근사한 분위기를 더해줍니다. 이곳은 관객들에게 흥미로운 이야기와 따뜻한 가정의 중요성을 전달해줄 것입니다.《나 홀로 집에》는 가정과 사랑에 관한 이야기로, 위네트카 링컨 애비뉴 671은 그 이야기를 멋지게 배경화면으로 꾸며줍니다.",
            "created_at": null,
            "updated_at": null,
            "user": 1
        }
    },
    {
        "model": "fillow.movielocation",
        "pk": 37,
        "fields": {
            "tmdb_id": 10138,
            "location_name": "랜디스 도넛(Randy's Donuts, LA)",
            "latitude": "33.961984",
            "longitude": "-118.370372",
            "location_country": "미국",
            "youtube_url": "https://www.youtube.com/embed/OVGbAFy36xM",
            "location_photo_url": "https://www.explore.com/img/gallery/51-movie-locations-you-can-actually-visit/randys-donuts-iron-man-2-los-angeles-california-1667490250.webp",
            "location_description": "《아이언맨 2》는 마블 시네마틱 유니버스의 인기 슈퍼히어로 영화로, 스펙터클한 액션과 재미있는 이야기로 많은 이들에게 사랑받고 있습니다. 이 영화의 촬영지 중 하나는 랜디스 도넛입니다. 랜디스 도넛은 미국 캘리포니아 주에 위치한 유명한 도넛 가게로, 다양한 종류의 맛있는 도넛으로 유명합니다. 영화 속에서 주인공 토니 스타크는 랜디스 도넛에서 재미있는 장면을 연출하며 액션과 유머를 선사합니다. 랜디스 도넛은 화려하고 아늑한 분위기로 꾸며져 있어 영화에 화려한 배경을 제공합니다. 이곳은 관객들에게 다채로운 맛과 웃음을 선사할 것입니다.《아이언맨 2》는 슈퍼히어로의 모험과 인간적인 이야기를 조화롭게 풀어낸 작품으로, 랜디스 도넛은 그 이야기에 즐거움을 더해줄 것입니다.",
            "created_at": null,
            "updated_at": null,
            "user": 1
        }
    },
    {
        "model": "fillow.movielocation",
        "pk": 38,
        "fields": {
            "tmdb_id": 313369,
            "location_name": "110번 고속도로(The Harbor Freeway, LA)",
            "latitude": "33.895132",
            "longitude": "-118.285740",
            "location_country": "미국",
            "youtube_url": "https://www.youtube.com/embed/7CVfTd-_qbc",
            "location_photo_url": "https://www.explore.com/img/gallery/51-movie-locations-you-can-actually-visit/the-harbor-freeway-la-la-land-los-angeles-california-1667490250.webp",
            "location_description": "《라라랜드》는 현대적인 뮤지컬 영화로서 많은 사람들에게 사랑받고 있는 작품입니다. 이 영화의 촬영지 중 하나는 110번 고속도로입니다. 110번 고속도로는 미국 로스앤젤레스에 위치한 주요 도로로, 넓은 차선과 도시의 아름다운 전망을 자랑합니다. 영화 속에서 주인공들은 110번 고속도로에서 화려한 댄스와 노래를 선보이며 멋진 연출을 펼칩니다. 110번 고속도로는 현대 도시의 활기와 열정을 상징하는 장소로, 영화에 독특한 분위기를 더해줍니다. 이곳에서 전개되는 멋진 무대는 관객들에게 잊지 못할 경험을 선사할 것입니다. 《라라랜드》는 음악과 로맨스로 가득한 이야기로, 110번 고속도로는 그 이야기에 더욱 화려함과 아름다움을 더할 것입니다.",
            "created_at": null,
            "updated_at": null,
            "user": 1
        }
    },
    {
        "model": "fillow.movielocation",
        "pk": 39,
        "fields": {
            "tmdb_id": 607,
            "location_name": "구겐하임 미술관(Guggenheim Museum, NYC)",
            "latitude": "40.954482",
            "longitude": "-73.994521",
            "location_country": "미국",
            "youtube_url": "https://www.youtube.com/embed/bXmo6M2k4Ws",
            "location_photo_url": "http://onthesetofnewyork.com/locations/meninblack/meninblack17.jpg",
            "location_description": "《맨 인 블랙》은 화려한 비밀 요원들이 외계인들과의 전투를 벌이는 SF 액션 영화입니다. 이 작품은 미국 맨하탄에 위치한 구겐하임 미술관에서 몇 가지 장면이 촬영되었습니다. 구겐하임 박물관은 현대 미술 작품으로 유명한 곳으로, 독특한 건축과 아름다운 전시장으로 알려져 있습니다. 영화에서 이곳에서 펼쳐지는 장면들은 화려한 액션과 외계인의 신비로운 분위기를 완벽하게 표현하며, 맨하탄의 도시적인 느낌과 전통적인 아름다움을 함께 느낄 수 있습니다. 《맨 인 블랙》은 구겐하임 미술관의 독특한 분위기와 매력을 이용하여 관객들에게 새로운 경험과 스릴을 선사합니다.",
            "created_at": null,
            "updated_at": null,
            "user": 1
        }
    },
    {
        "model": "fillow.movielocation",
        "pk": 40,
        "fields": {
            "tmdb_id": 1858,
            "location_name": "후버 댐(Hoover Dam)",
            "latitude": "36.016385",
            "longitude": "-114.737752",
            "location_country": "미국",
            "youtube_url": "https://www.youtube.com/embed/xhe0DkX3e78",
            "location_photo_url": "https://travelnevada.com/wp-content/uploads/2015/06/HooverDam74_SM.jpg",
            "location_description": "《트랜스포머》는 로봇들의 전투와 인류의 운명을 건 대결을 그린 액션 영화로, 몇몇 장면은 미국의 후버 댐에서 촬영되었습니다. 후버 댐은 미국 아리조나주와 네바다주 경계에 위치한 엄청난 공학적 걸작으로, 유명한 관광지입니다. 영화에서 후버 댐에서 촬영된 장면은 막강한 전투와 화려한 시각 효과를 통해 관객들에게 굉장한 인상을 남깁니다. 후버 댐은 영화 속에서 실제 장소의 위엄과 판타지 세계의 결합을 통해 작품의 분위기를 한층 더 고조시킵니다. 《트랜스포머》를 통해 후버 댐의 위대함과 영화 속 장면들의 긴장감을 직접 경험해보세요.",
            "created_at": null,
            "updated_at": null,
            "user": 1
        }
    },
    {
        "model": "fillow.movielocation",
        "pk": 41,
        "fields": {
            "tmdb_id": 458423,
            "location_name": "비스 섬(Vis Island)",
            "latitude": "43.057739",
            "longitude": "16.195756",
            "location_country": "크로아티아",
            "youtube_url": "https://www.youtube.com/embed/OwPvH1WJsyw",
            "location_photo_url": "https://cdn.mhns.co.kr/news/photo/201909/292889_398285_4712.jpg",
            "location_description": "《맘마미아2》는 사랑과 음악, 모험을 담은 화려한 뮤지컬 영화로, 그 중요한 촬영지 중 하나는 비스 섬입니다. 비스 섬은 크로아티아의 아름다운 섬으로, 푸른 바다와 햇살 가득한 풍경이 매력적입니다. 영화 속에서 비스 섬은 멋진 해변과 화려한 리조트로 나타나며, 주인공들은 이곳에서 다양한 모험과 음악적인 여정을 시작합니다. 비스 섬은 그레코-로마 시대의 유적과 풍부한 문화 유산을 자랑하며, 이곳에서의 촬영은 영화에 특별한 분위기와 아름다움을 더했습니다. 관객들은 매력적인 비스 섬의 풍경과 함께 노래와 춤으로 가득한 멋진 이야기를 즐길 수 있을 것입니다. 《맘마미아2》는 비스 섬의 아름다움과 흥겨운 음악, 감동적인 이야기가 어우러져 뮤지컬 영화의 매력을 최대한으로 발휘한 작품입니다.",
            "created_at": null,
            "updated_at": null,
            "user": 1
        }
    },
    {
        "model": "fillow.movielocation",
        "pk": 42,
        "fields": {
            "tmdb_id": 20453,
            "location_name": "판공호(Pangong Lake)",
            "latitude": "33.821751",
            "longitude": "78.442719",
            "location_country": "인도",
            "youtube_url": "https://www.youtube.com/embed/wekt7kNeK5c",
            "location_photo_url": "https://cdn.mhns.co.kr/news/photo/201909/292889_398288_4953.jpg",
            "location_description": "《세 얼간이》는 인도의 대표적인 코미디 드라마 영화로, 그 중요한 촬영지 중 하나는 판공호입니다. 판공호는 인도와 중국 사이에 위치한 아름다운 호수로, 그 푸른 물과 웅장한 산악 경관이 영화에 독특한 분위기를 더했습니다. 영화 속에서 판공호는 주인공들의 모험과 유머로 가득한 여정의 배경으로 등장하며, 아름다운 자연환경과 평화로운 분위기가 관객들에게 잊지 못할 경험을 선사합니다. 판공호 주변의 풍경은 영화에 따뜻하고 아름다운 분위기를 부여하며, 관객들에게 차분하고 감동적인 순간을 선사합니다. 《세 얼간이》는 판공호의 아름다움과 코미디로 가득한 이야기로 인도 영화의 매력을 전하는 작품입니다.",
            "created_at": null,
            "updated_at": null,
            "user": 1
        }
    },
    {
        "model": "fillow.movielocation",
        "pk": 43,
        "fields": {
            "tmdb_id": 390043,
            "location_name": "니우에 아흐터흐라흐트(Nieuwe Achtergracht)",
            "latitude": "52.363288",
            "longitude": "4.910525",
            "location_country": "네덜란드",
            "youtube_url": "https://www.youtube.com/embed/1mVk7wal9bk",
            "location_photo_url": "https://rimage.gnst.jp/livejapan.com/public/article/detail/a/00/01/a0001661/img/basic/a0001661_main.jpg?20200717090806&q=80",
            "location_description": "<킬러의 보디가드>는 매력적인 액션과 유머로 가득한 영화입니다. 이 영화의 촬영지 중 하나는 네덜란드 암스테르담의 니우에 아흐터흐라흐트입니다. 니우에 아흐터흐라흐트는 네덜란드어로 '새로운 뒷골목'을 의미하며, 영화에서는 그 독특한 분위기를 잘 살려냈습니다. 이 곳은 아름다운 운하와 오래된 건물로 둘러싸여 있어 영화의 장면들이 더욱 생생하게 펼쳐집니다. 니우에 아흐터흐라흐트에서의 촬영은 영화에 더욱 독특한 분위기와 매력을 더해주었으며, 관객들은 이 장소에서 펼쳐지는 격렬한 액션과 긴장감 넘치는 장면을 즐길 수 있습니다.",
            "created_at": null,
            "updated_at": null,
            "user": 1
        }
    },
    {
        "model": "fillow.movielocation",
        "pk": 44,
        "fields": {
            "tmdb_id": 129,
            "location_name": "지우펀(Jiufen)",
            "latitude": "25.110057",
            "longitude": "121.845157",
            "location_country": "대만",
            "youtube_url": "https://www.youtube.com/embed/oUl8FjljO_Q",
            "location_photo_url": "https://cdn.mhns.co.kr/news/photo/201909/292889_398319_5635.jpg",
            "location_description": "<센과 치히로의 행방불명>은 일본의 애니메이션 감독 미야자키 하야오의 대표작 중 하나로, 대만에서도 많은 사랑을 받은 작품입니다. 이 작품의 중요한 촬영지 중 하나는 대만의 지우펀입니다. 대만 지우펀은 아름다운 자연 경관과 독특한 건축물로 유명한 장소로, 영화에서도 그 특색 있는 분위기를 잘 표현하였습니다. 센과 치히로는 대만 지우펀의 다양한 장면에서 여정을 시작하며, 관객들은 그들의 모험과 성장을 함께 체험할 수 있습니다. 대만 지우펀은 이 작품에 환상적인 분위기를 더해주며, 관객들에게 잊지 못할 경험을 선사하는 특별한 장소입니다.",
            "created_at": null,
            "updated_at": null,
            "user": 1
        }
    },
    {
        "model": "fillow.movielocation",
        "pk": 45,
        "fields": {
            "tmdb_id": 1593,
            "location_name": "미국 자연사 박물관(American Museum of Natural History)",
            "latitude": "40.781334",
            "longitude": "-73.974037",
            "location_country": "미국",
            "youtube_url": "https://www.youtube.com/embed/Ltba1_-tRT4",
            "location_photo_url": "https://a.cdn-hotels.com/gdcs/production198/d349/559df73c-b4ad-42d0-9794-8303314216cb.jpg?impolicy=fcrop&w=1600&h=1066&q=medium",
            "location_description": "<박물관이 살아있다!>는 재미와 모험이 가득한 코미디 영화로, 미국 자연사 박물관이 중요한 촬영지로 사용되었습니다. 이 박물관은 미국의 역사와 자연을 소개하는 유명한 장소로, 영화 속 주인공들이 박물관 속에서 생생하게 살아나는 장면들을 펼치게 됩니다. 박물관 내부의 다양한 전시물과 환상적인 분위기는 관객들에게 신비로운 경험을 선사합니다. 영화에서는 박물관이 숨 쉬는 것처럼 살아있는데, 이는 미국 자연사 박물관의 매력과 특색을 잘 보여줍니다. 이 영화를 통해 관객들은 박물관에서의 놀라운 모험을 경험하게 됩니다.",
            "created_at": null,
            "updated_at": null,
            "user": 1
        }
    },
    {
        "model": "fillow.movielocation",
        "pk": 46,
        "fields": {
            "tmdb_id": 291805,
            "location_name": "펠리시다데 거리(Rua da Felicidade)",
            "latitude": "22.194550",
            "longitude": "113.537636",
            "location_country": "중국",
            "youtube_url": "https://www.youtube.com/embed/4I8rVcSQbic",
            "location_photo_url": "https://mblogthumb-phinf.pstatic.net/MjAxNjEyMjhfNSAg/MDAxNDgyODU0MTI1MDMy.xBKsu0rog0Ihqf-lO_eDw1p-dioGcS2VTVwyPI6UCKwg.wvA_svIdodDw5AQUPWFp3uS5DZnDZw2I8xisTFGi7Iog.JPEG.hyungmingun/%ED%81%AC%EA%B8%B0%EB%B3%80%ED%99%98_04.jpg?type=w2",
            "location_description": "<나우 유 씨 미 2>는 전 세계적으로 사랑받는 액션 코미디 영화 시리즈의 두 번째 작품으로, 이번 작품에서는 스파이들의 활약이 폭발합니다. 영화의 중요한 촬영지 중 하나인 펠리시다데 거리는 화려한 도시 경관과 활기찬 분위기로 유명한 장소입니다. 이 거리는 영화 속 주인공들이 흥미진진한 추격전과 액션 장면을 펼치는 배경으로 사용되었습니다. 펠리시다데 거리의 다양한 상점과 유명한 랜드마크는 관객들에게 시각적인 즐거움을 선사하며, 영화의 긴장감을 한층 더 고조시킵니다. 이 영화를 통해 관객들은 펠리시다데 거리의 매력과 역동성을 체감할 수 있습니다.",
            "created_at": null,
            "updated_at": null,
            "user": 1
        }
    },
    {
        "model": "fillow.movielocation",
        "pk": 47,
        "fields": {
            "tmdb_id": 2454,
            "location_name": "커시드럴 코브(Cathedral Cove)",
            "latitude": "-36.828770",
            "longitude": "175.790573",
            "location_country": "뉴질랜드",
            "youtube_url": "https://www.youtube.com/embed/9iJh40S_GfM",
            "location_photo_url": "https://www.newzealand.com/assets/Tourism-NZ/The-Coromandel/74b3010fb8/img-1536177408-5836-4114-p-823B7D92-94DB-1AD4-E0477F82A1F8C6D7-2544003__aWxvdmVrZWxseQo_CropResizeWzE0NDAsbnVsbCw3NSwicG5nIl0.png",
            "location_description": "<나니아 연대기: 캐스피언 왕자>는 판타지 모험 영화의 시리즈 중 하나로, 이번 작품에서는 마법의 세계로 펼쳐지는 환상적인 이야기가 전개됩니다. 영화의 중요한 촬영지 중 하나인 커시드럴코브는 아름다운 해안 지형과 신비로운 분위기로 유명한 장소입니다. 이곳은 영화 속 주인공들이 마법과 모험을 경험하는 곳으로 사용되었습니다. 커시드럴코브의 멋진 해변과 동굴, 그리고 신비로운 숲은 관객들에게 마법같은 경험을 선사하며, 영화의 매력을 한층 더 높여줍니다. 이 작품을 통해 관객들은 커시드럴코브의 신비로운 세계에 빠져들 수 있습니다.",
            "created_at": null,
            "updated_at": null,
            "user": 1
        }
    },
    {
        "model": "fillow.movielocation",
        "pk": 48,
        "fields": {
            "tmdb_id": 207703,
            "location_name": "헌츠맨 양장점(11 Savile Row Building)",
            "latitude": "52.747766",
            "longitude": "-1.161821",
            "location_country": "영국",
            "youtube_url": "https://www.youtube.com/embed/fuwE3Lvysvs",
            "location_photo_url": "https://cdn.shopify.com/s/files/1/0685/7418/3739/files/Kingsman_Web_Image_4_900x.png?v=1672752439",
            "location_description": "<킹스맨: 시크릿 에이전트>는 스파이 액션 영화로, 몰래 치고 들어가는 위험한 임무와 빠른 액션으로 가득한 스토리를 펼쳐갑니다. 이 작품에서는 헌츠맨 양장점이 중요한 촬영지로 사용되었습니다. 헌츠맨 양장점은 고급 수트와 정교한 의상을 제작하는 곳으로, 영화 속 주인공들이 미션을 수행하는 동안 필요한 의상을 입는 장면이 담겨있습니다. 헌츠맨 양장점은 세련된 분위기와 품질 높은 제작으로 유명하며, 영화의 시각적인 아름다움과 스타일을 한층 더 높여줍니다. 이 작품을 통해 관객들은 헌츠맨 양장점의 세계적인 명성과 스파이들의 멋진 변장을 경험할 수 있습니다.",
            "created_at": null,
            "updated_at": null,
            "user": 1
        }
    },
    {
        "model": "fillow.movielocation",
        "pk": 49,
        "fields": {
            "tmdb_id": 453395,
            "location_name": "리치몬드 공원(Richmond Park)",
            "latitude": "51.441238",
            "longitude": "-0.274823",
            "location_country": "영국",
            "youtube_url": "https://www.youtube.com/embed/mI9oyFMUlfg",
            "location_photo_url": "https://www.latlong.net/photos/doctor-strange-in-the-multiverse-of-madness.jpg",
            "location_description": "<닥터 스트레인지: 대혼돈의 멀티버스>는 환상적인 마법과 다양한 차원을 넘나드는 이야기로 우리를 놀라게 할 작품입니다. 이 영화에서는 리치몬드 공원이 중요한 촬영지로 사용되었습니다. 리치몬드 공원은 자연과 조화로운 아름다움을 자랑하는 공원으로, 영화 속 닥터 스트레인지와 그의 동료들이 마법적인 전투와 모험을 펼치는 장면이 그려집니다. 이 공원은 그림 같은 풍경과 평화로운 분위기를 자아내며, 영화의 환상적인 분위기를 한층 더 풍성하게 만들어줍니다. 관객들은 리치몬드 공원에서 벌어지는 장관을 통해 영화의 마법적인 세계에 몰입할 수 있습니다.",
            "created_at": null,
            "updated_at": null,
            "user": 1
        }
    },
    {
        "model": "accounts.user",
        "pk": 1,
        "fields": {
            "password": "pbkdf2_sha256$260000$MU5GVLv4B9JRiNSW4uGDTp$xNmX1MoArpGfEl1tXxbUjk196geV+T+H2hXSFG61V8o=",
            "last_login": null,
            "is_superuser": true,
            "username": "1",
            "first_name": "",
            "last_name": "",
            "email": "",
            "is_staff": true,
            "is_active": true,
            "date_joined": "2023-05-25T11:11:33.323Z",
            "groups": [],
            "user_permissions": []
        }
    },
    {
        "model": "sites.site",
        "pk": 1,
        "fields": {
            "domain": "example.com",
            "name": "example.com"
        }
    },
    {
        "model": "auth.permission",
        "pk": 1,
        "fields": {
            "name": "Can add genre",
            "content_type": 1,
            "codename": "add_genre"
        }
    },
    {
        "model": "auth.permission",
        "pk": 2,
        "fields": {
            "name": "Can change genre",
            "content_type": 1,
            "codename": "change_genre"
        }
    },
    {
        "model": "auth.permission",
        "pk": 3,
        "fields": {
            "name": "Can delete genre",
            "content_type": 1,
            "codename": "delete_genre"
        }
    },
    {
        "model": "auth.permission",
        "pk": 4,
        "fields": {
            "name": "Can view genre",
            "content_type": 1,
            "codename": "view_genre"
        }
    },
    {
        "model": "auth.permission",
        "pk": 5,
        "fields": {
            "name": "Can add movie",
            "content_type": 2,
            "codename": "add_movie"
        }
    },
    {
        "model": "auth.permission",
        "pk": 6,
        "fields": {
            "name": "Can change movie",
            "content_type": 2,
            "codename": "change_movie"
        }
    },
    {
        "model": "auth.permission",
        "pk": 7,
        "fields": {
            "name": "Can delete movie",
            "content_type": 2,
            "codename": "delete_movie"
        }
    },
    {
        "model": "auth.permission",
        "pk": 8,
        "fields": {
            "name": "Can view movie",
            "content_type": 2,
            "codename": "view_movie"
        }
    },
    {
        "model": "auth.permission",
        "pk": 9,
        "fields": {
            "name": "Can add movie location",
            "content_type": 3,
            "codename": "add_movielocation"
        }
    },
    {
        "model": "auth.permission",
        "pk": 10,
        "fields": {
            "name": "Can change movie location",
            "content_type": 3,
            "codename": "change_movielocation"
        }
    },
    {
        "model": "auth.permission",
        "pk": 11,
        "fields": {
            "name": "Can delete movie location",
            "content_type": 3,
            "codename": "delete_movielocation"
        }
    },
    {
        "model": "auth.permission",
        "pk": 12,
        "fields": {
            "name": "Can view movie location",
            "content_type": 3,
            "codename": "view_movielocation"
        }
    },
    {
        "model": "auth.permission",
        "pk": 13,
        "fields": {
            "name": "Can add user",
            "content_type": 4,
            "codename": "add_user"
        }
    },
    {
        "model": "auth.permission",
        "pk": 14,
        "fields": {
            "name": "Can change user",
            "content_type": 4,
            "codename": "change_user"
        }
    },
    {
        "model": "auth.permission",
        "pk": 15,
        "fields": {
            "name": "Can delete user",
            "content_type": 4,
            "codename": "delete_user"
        }
    },
    {
        "model": "auth.permission",
        "pk": 16,
        "fields": {
            "name": "Can view user",
            "content_type": 4,
            "codename": "view_user"
        }
    },
    {
        "model": "auth.permission",
        "pk": 17,
        "fields": {
            "name": "Can add site",
            "content_type": 5,
            "codename": "add_site"
        }
    },
    {
        "model": "auth.permission",
        "pk": 18,
        "fields": {
            "name": "Can change site",
            "content_type": 5,
            "codename": "change_site"
        }
    },
    {
        "model": "auth.permission",
        "pk": 19,
        "fields": {
            "name": "Can delete site",
            "content_type": 5,
            "codename": "delete_site"
        }
    },
    {
        "model": "auth.permission",
        "pk": 20,
        "fields": {
            "name": "Can view site",
            "content_type": 5,
            "codename": "view_site"
        }
    },
    {
        "model": "auth.permission",
        "pk": 21,
        "fields": {
            "name": "Can add email address",
            "content_type": 6,
            "codename": "add_emailaddress"
        }
    },
    {
        "model": "auth.permission",
        "pk": 22,
        "fields": {
            "name": "Can change email address",
            "content_type": 6,
            "codename": "change_emailaddress"
        }
    },
    {
        "model": "auth.permission",
        "pk": 23,
        "fields": {
            "name": "Can delete email address",
            "content_type": 6,
            "codename": "delete_emailaddress"
        }
    },
    {
        "model": "auth.permission",
        "pk": 24,
        "fields": {
            "name": "Can view email address",
            "content_type": 6,
            "codename": "view_emailaddress"
        }
    },
    {
        "model": "auth.permission",
        "pk": 25,
        "fields": {
            "name": "Can add email confirmation",
            "content_type": 7,
            "codename": "add_emailconfirmation"
        }
    },
    {
        "model": "auth.permission",
        "pk": 26,
        "fields": {
            "name": "Can change email confirmation",
            "content_type": 7,
            "codename": "change_emailconfirmation"
        }
    },
    {
        "model": "auth.permission",
        "pk": 27,
        "fields": {
            "name": "Can delete email confirmation",
            "content_type": 7,
            "codename": "delete_emailconfirmation"
        }
    },
    {
        "model": "auth.permission",
        "pk": 28,
        "fields": {
            "name": "Can view email confirmation",
            "content_type": 7,
            "codename": "view_emailconfirmation"
        }
    },
    {
        "model": "auth.permission",
        "pk": 29,
        "fields": {
            "name": "Can add social account",
            "content_type": 8,
            "codename": "add_socialaccount"
        }
    },
    {
        "model": "auth.permission",
        "pk": 30,
        "fields": {
            "name": "Can change social account",
            "content_type": 8,
            "codename": "change_socialaccount"
        }
    },
    {
        "model": "auth.permission",
        "pk": 31,
        "fields": {
            "name": "Can delete social account",
            "content_type": 8,
            "codename": "delete_socialaccount"
        }
    },
    {
        "model": "auth.permission",
        "pk": 32,
        "fields": {
            "name": "Can view social account",
            "content_type": 8,
            "codename": "view_socialaccount"
        }
    },
    {
        "model": "auth.permission",
        "pk": 33,
        "fields": {
            "name": "Can add social application",
            "content_type": 9,
            "codename": "add_socialapp"
        }
    },
    {
        "model": "auth.permission",
        "pk": 34,
        "fields": {
            "name": "Can change social application",
            "content_type": 9,
            "codename": "change_socialapp"
        }
    },
    {
        "model": "auth.permission",
        "pk": 35,
        "fields": {
            "name": "Can delete social application",
            "content_type": 9,
            "codename": "delete_socialapp"
        }
    },
    {
        "model": "auth.permission",
        "pk": 36,
        "fields": {
            "name": "Can view social application",
            "content_type": 9,
            "codename": "view_socialapp"
        }
    },
    {
        "model": "auth.permission",
        "pk": 37,
        "fields": {
            "name": "Can add social application token",
            "content_type": 10,
            "codename": "add_socialtoken"
        }
    },
    {
        "model": "auth.permission",
        "pk": 38,
        "fields": {
            "name": "Can change social application token",
            "content_type": 10,
            "codename": "change_socialtoken"
        }
    },
    {
        "model": "auth.permission",
        "pk": 39,
        "fields": {
            "name": "Can delete social application token",
            "content_type": 10,
            "codename": "delete_socialtoken"
        }
    },
    {
        "model": "auth.permission",
        "pk": 40,
        "fields": {
            "name": "Can view social application token",
            "content_type": 10,
            "codename": "view_socialtoken"
        }
    },
    {
        "model": "auth.permission",
        "pk": 41,
        "fields": {
            "name": "Can add Token",
            "content_type": 11,
            "codename": "add_token"
        }
    },
    {
        "model": "auth.permission",
        "pk": 42,
        "fields": {
            "name": "Can change Token",
            "content_type": 11,
            "codename": "change_token"
        }
    },
    {
        "model": "auth.permission",
        "pk": 43,
        "fields": {
            "name": "Can delete Token",
            "content_type": 11,
            "codename": "delete_token"
        }
    },
    {
        "model": "auth.permission",
        "pk": 44,
        "fields": {
            "name": "Can view Token",
            "content_type": 11,
            "codename": "view_token"
        }
    },
    {
        "model": "auth.permission",
        "pk": 45,
        "fields": {
            "name": "Can add token",
            "content_type": 12,
            "codename": "add_tokenproxy"
        }
    },
    {
        "model": "auth.permission",
        "pk": 46,
        "fields": {
            "name": "Can change token",
            "content_type": 12,
            "codename": "change_tokenproxy"
        }
    },
    {
        "model": "auth.permission",
        "pk": 47,
        "fields": {
            "name": "Can delete token",
            "content_type": 12,
            "codename": "delete_tokenproxy"
        }
    },
    {
        "model": "auth.permission",
        "pk": 48,
        "fields": {
            "name": "Can view token",
            "content_type": 12,
            "codename": "view_tokenproxy"
        }
    },
    {
        "model": "auth.permission",
        "pk": 49,
        "fields": {
            "name": "Can add log entry",
            "content_type": 13,
            "codename": "add_logentry"
        }
    },
    {
        "model": "auth.permission",
        "pk": 50,
        "fields": {
            "name": "Can change log entry",
            "content_type": 13,
            "codename": "change_logentry"
        }
    },
    {
        "model": "auth.permission",
        "pk": 51,
        "fields": {
            "name": "Can delete log entry",
            "content_type": 13,
            "codename": "delete_logentry"
        }
    },
    {
        "model": "auth.permission",
        "pk": 52,
        "fields": {
            "name": "Can view log entry",
            "content_type": 13,
            "codename": "view_logentry"
        }
    },
    {
        "model": "auth.permission",
        "pk": 53,
        "fields": {
            "name": "Can add permission",
            "content_type": 14,
            "codename": "add_permission"
        }
    },
    {
        "model": "auth.permission",
        "pk": 54,
        "fields": {
            "name": "Can change permission",
            "content_type": 14,
            "codename": "change_permission"
        }
    },
    {
        "model": "auth.permission",
        "pk": 55,
        "fields": {
            "name": "Can delete permission",
            "content_type": 14,
            "codename": "delete_permission"
        }
    },
    {
        "model": "auth.permission",
        "pk": 56,
        "fields": {
            "name": "Can view permission",
            "content_type": 14,
            "codename": "view_permission"
        }
    },
    {
        "model": "auth.permission",
        "pk": 57,
        "fields": {
            "name": "Can add group",
            "content_type": 15,
            "codename": "add_group"
        }
    },
    {
        "model": "auth.permission",
        "pk": 58,
        "fields": {
            "name": "Can change group",
            "content_type": 15,
            "codename": "change_group"
        }
    },
    {
        "model": "auth.permission",
        "pk": 59,
        "fields": {
            "name": "Can delete group",
            "content_type": 15,
            "codename": "delete_group"
        }
    },
    {
        "model": "auth.permission",
        "pk": 60,
        "fields": {
            "name": "Can view group",
            "content_type": 15,
            "codename": "view_group"
        }
    },
    {
        "model": "auth.permission",
        "pk": 61,
        "fields": {
            "name": "Can add content type",
            "content_type": 16,
            "codename": "add_contenttype"
        }
    },
    {
        "model": "auth.permission",
        "pk": 62,
        "fields": {
            "name": "Can change content type",
            "content_type": 16,
            "codename": "change_contenttype"
        }
    },
    {
        "model": "auth.permission",
        "pk": 63,
        "fields": {
            "name": "Can delete content type",
            "content_type": 16,
            "codename": "delete_contenttype"
        }
    },
    {
        "model": "auth.permission",
        "pk": 64,
        "fields": {
            "name": "Can view content type",
            "content_type": 16,
            "codename": "view_contenttype"
        }
    },
    {
        "model": "auth.permission",
        "pk": 65,
        "fields": {
            "name": "Can add session",
            "content_type": 17,
            "codename": "add_session"
        }
    },
    {
        "model": "auth.permission",
        "pk": 66,
        "fields": {
            "name": "Can change session",
            "content_type": 17,
            "codename": "change_session"
        }
    },
    {
        "model": "auth.permission",
        "pk": 67,
        "fields": {
            "name": "Can delete session",
            "content_type": 17,
            "codename": "delete_session"
        }
    },
    {
        "model": "auth.permission",
        "pk": 68,
        "fields": {
            "name": "Can view session",
            "content_type": 17,
            "codename": "view_session"
        }
    },
    {
        "model": "contenttypes.contenttype",
        "pk": 1,
        "fields": {
            "app_label": "fillow",
            "model": "genre"
        }
    },
    {
        "model": "contenttypes.contenttype",
        "pk": 2,
        "fields": {
            "app_label": "fillow",
            "model": "movie"
        }
    },
    {
        "model": "contenttypes.contenttype",
        "pk": 3,
        "fields": {
            "app_label": "fillow",
            "model": "movielocation"
        }
    },
    {
        "model": "contenttypes.contenttype",
        "pk": 4,
        "fields": {
            "app_label": "accounts",
            "model": "user"
        }
    },
    {
        "model": "contenttypes.contenttype",
        "pk": 5,
        "fields": {
            "app_label": "sites",
            "model": "site"
        }
    },
    {
        "model": "contenttypes.contenttype",
        "pk": 6,
        "fields": {
            "app_label": "account",
            "model": "emailaddress"
        }
    },
    {
        "model": "contenttypes.contenttype",
        "pk": 7,
        "fields": {
            "app_label": "account",
            "model": "emailconfirmation"
        }
    },
    {
        "model": "contenttypes.contenttype",
        "pk": 8,
        "fields": {
            "app_label": "socialaccount",
            "model": "socialaccount"
        }
    },
    {
        "model": "contenttypes.contenttype",
        "pk": 9,
        "fields": {
            "app_label": "socialaccount",
            "model": "socialapp"
        }
    },
    {
        "model": "contenttypes.contenttype",
        "pk": 10,
        "fields": {
            "app_label": "socialaccount",
            "model": "socialtoken"
        }
    },
    {
        "model": "contenttypes.contenttype",
        "pk": 11,
        "fields": {
            "app_label": "authtoken",
            "model": "token"
        }
    },
    {
        "model": "contenttypes.contenttype",
        "pk": 12,
        "fields": {
            "app_label": "authtoken",
            "model": "tokenproxy"
        }
    },
    {
        "model": "contenttypes.contenttype",
        "pk": 13,
        "fields": {
            "app_label": "admin",
            "model": "logentry"
        }
    },
    {
        "model": "contenttypes.contenttype",
        "pk": 14,
        "fields": {
            "app_label": "auth",
            "model": "permission"
        }
    },
    {
        "model": "contenttypes.contenttype",
        "pk": 15,
        "fields": {
            "app_label": "auth",
            "model": "group"
        }
    },
    {
        "model": "contenttypes.contenttype",
        "pk": 16,
        "fields": {
            "app_label": "contenttypes",
            "model": "contenttype"
        }
    },
    {
        "model": "contenttypes.contenttype",
        "pk": 17,
        "fields": {
            "app_label": "sessions",
            "model": "session"
        }
    }
    ]
    